order_id,order_date,region,product,category,units_sold,unit_price,revenue
1,26-08-2023,North,Shoes,Apparel,5,374.89,1874.45
2,23-06-2025,North,Tablet,Electronics,9,139.54,1255.86
3,31-08-2023,North,Mouse,Electronics,2,335.77,671.54
4,25-02-2025,North,Camera,Electronics,4,1076.87,4307.48
5,13-03-2024,West,Backpack,Apparel,8,888.01,7104.08
6,11-01-2024,North,Watch,Accessories,7,516.97,3618.79
7,10-07-2024,South,Tablet,Electronics,2,148.19,296.38
8,18-07-2024,East,Smartphone,Electronics,10,404.14,4041.4
9,31-01-2025,West,Laptop,Electronics,2,1459.94,2919.88
10,16-02-2025,North,Mouse,Electronics,5,1245.81,6229.05
11,14-03-2025, north ,TV,Electronics,4,1059.81,4239.24
12,23-05-2024,South,Laptop,Electronics,2,1284.42,2568.84
13,24-08-2024,North,Sunglasses,Accessories,5,685.58,3427.9
14,14-01-2024,East,Sunglasses,Accessories,6,539.35,3236.1
15,19-07-2025,East,Shoes,Apparel,2,917.61,1835.22
16,15-01-2024,South,Tablet,Electronics,8,575.39,4603.12
17,02-07-2025,South,Charger,Accessories,6,1265.85,7595.1
18,22-03-2024,North,Watch,Accessories,1,1209.52,1209.52
19,07-10-2023,East,Mouse,Electronics,4,1370.57,5482.28
20,05-03-2024,East,TV,Electronics,8,599.49,4795.92
21,25-12-2023,West,Charger,Accessories,5,NULL,NULL
22,21-03-2025,East,Backpack,Apparel,7,1347.76,9434.32
23,12-03-2024,East,Mouse,Electronics,3,769.19,2307.57
24,21-11-2023,North,Smartphone,Electronics,3,944.89,2834.67
25,02-04-2025,West,Watch,Accessories,2,583.3,1166.6
26,23-01-2025,West,TV,Electronics,5,1456.91,7284.55
27,27-06-2025,North,Sunglasses,Accessories,2,1025.75,2051.5
28,18-05-2025,East,Camera,Electronics,6,176.21,1057.26
29,07-11-2024,South,Mouse,Electronics,1,1431.19,1431.19
30,25-12-2024,East,Charger,Accessories,3,766.45,2299.35
31,16-05-2025,NORTH,Smartphone,Electronics,9,917.37,8256.33
32,13-01-2024,East,Tablet,Electronics,9,1430.71,12876.39
33,05-04-2025,North,Charger,Accessories,6,738.02,4428.12
34,10-06-2024,East,Smartphone,Electronics,4,96.31,385.24
35,27-10-2023,North,Charger,Accessories,8,1225.87,9806.96
36,10-12-2023,South,Watch,Accessories,8,1420.8,11366.4
37,22-01-2025,East,Tablet,Electronics,10,640.48,6404.8
38,31-07-2025,South,Headphones,Electronics,5,604.5,3022.5
39,22-10-2024,East,Shoes,Apparel,9,682.71,6144.39
40,05-10-2023,South,Headphones,Electronics,6,41.34,248.04
41,25-03-2025,South,laptop,Electronics,4,20.71,82.84
42,22-03-2024,North,Backpack,Apparel,2,1359.08,2718.16
43,12-10-2023,East,Sunglasses,Accessories,9,364.63,3281.67
44,07-03-2024,West,Shoes,Apparel,9,207.14,1864.26
45,05-04-2024,West,Charger,Accessories,8,1213.17,9705.36
46,08-11-2023,North,Headphones,Electronics,7,537.9,3765.3
47,25-09-2023,West,Mouse,Electronics,2,100.31,200.62
48,20-11-2023,East,Backpack,Apparel,4,295.47,1181.88
49,22-12-2023,West,Camera,Electronics,7,283.4,1983.8
50,17-10-2023,South,Printer,Electronics,8,1213.95,9711.6
6,11-01-2024,North,Watch,Accessories,7,516.97,3618.79
52,18-01-2024,South,Smartphone,Electronics,7,733.61,5135.27
53,30-09-2023,West,Headphones,Electronics,3,574.67,1724.01
54,08-11-2024,East,Mouse,Electronics,5,640.28,3201.4
55,06-01-2024,West,Backpack,Apparel,4,452.09,1808.36
56,17-06-2024,North,Laptop,Electronics,1,84.71,84.71
57,28-09-2023,South,Printer,Electronics,9,129.37,1164.33
58,01-04-2025,North,Tablet,Electronics,2,1016.07,2032.14
59,01-12-2023,West,Headphones,Electronics,10,376.86,3768.6
60,26-04-2025,North,TV,Electronics,2,634.65,1269.3
61,24-04-2024,East,TV,Electronics,4,1007.89,4031.56
62,28-04-2024,South,Keyboard,Electronics,7,205.01,1435.07
63,11-11-2024,East,Shoes,Apparel,6,1394.24,8365.44
64,10-08-2023,North,Charger,Accessories,8,935.53,7484.24
65,15-10-2023,North,TV,Electronics,9,327.6,2948.4
66,23-07-2024,South,Monitor,Electronics,2,1320.11,2640.22
67,09-01-2024,East,Keyboard,Electronics,8,1252.28,10018.24
68,18-04-2025,East,Backpack,Apparel,9,21.66,194.94
69,10-06-2025,East,Sunglasses,Accessories,2,1409.01,2818.02
70,27-11-2023,East,Tablet,Electronics,2,1116.2,2232.4
71,15-05-2024,East,Tablet,Electronics,10,323.84,3238.4
72,04-07-2025,South,Keyboard,Electronics,5,763.06,3815.3
73,03-11-2023,North,Monitor,Electronics,7,1245.73,8720.11
74,07-07-2024,North,Laptop,Electronics,3,959.3,2877.9
75,26-10-2024,South,Monitor,Electronics,9,1061.44,9552.96
76,23-11-2023,North,Camera,Electronics,2,1418.13,2836.26
77,09-02-2025,South,Backpack,Apparel,1,1253.55,1253.55
78,14-10-2024,South,TV,Electronics,3,72.32,216.96
79,01-08-2024,North,Keyboard,Electronics,4,1026.28,4105.12
80,28-07-2024,North,Shoes,Apparel,9,1327.36,11946.24
81,30-03-2024,South,Mouse,Electronics,3,1464.55,4393.65
82,26-09-2024,South,Watch,Accessories,1,277.25,277.25
83,25-09-2024,East,Charger,Accessories,4,407.54,1630.16
84,26-08-2024,North,Watch,Accessories,1,1289.3,1289.3
85,14-11-2024,South,Headphones,Electronics,6,464.73,2788.38
86,16-03-2024,South,Watch,Accessories,1,993.45,993.45
87,12-05-2024,East,Mouse,Electronics,2,1450.66,2901.32
88,18-05-2025,East,Monitor,Electronics,9,605.52,5449.68
89,29-08-2023,East,Sunglasses,Accessories,2,1316.79,2633.58
90,17-03-2025,South,Monitor,Electronics,5,67,335
91,19-07-2024,West,TV,Electronics,6,660.23,3961.38
92,29-08-2024,North,Camera,Electronics,10,293.22,2932.2
93,02-08-2023,West,Laptop,Electronics,9,1389.11,12501.99
94,07-08-2024,South,Camera,Electronics,7,114.26,799.82
95,30-04-2025,East,Shoes,Apparel,6,998.45,5990.7
96,01-01-2025,East,Smartphone,Electronics,5,1003.67,5018.35
97,14-07-2025,West,Keyboard,Electronics,5,836.07,4180.35
98,11-06-2025,West,Headphones,Electronics,7,1019.2,7134.4
99,22-04-2025,South,Charger,Accessories,10,458.42,4584.2
100,07-06-2024,North,Camera,Electronics,5,323.17,1615.85
101,19-11-2024,East,Watch,Accessories,8,668.82,5350.56
102,21-01-2024,West,Headphones,Electronics,2,432.84,865.68
103,04-11-2023,East,Shoes,Apparel,4,1012.47,4049.88
104,29-12-2023,South,Headphones,Electronics,1,78.86,78.86
105,09-11-2024,North,Printer,Electronics,7,1330.34,9312.38
106,14-07-2025,South,TV,Electronics,7,746.62,5226.34
107,02-06-2025,South,Headphones,Electronics,1,1340.06,1340.06
108,09-10-2024,North,Sunglasses,Accessories,4,272.07,1088.28
109,21-09-2023,West,Backpack,Apparel,9,381.31,3431.79
110,10-11-2024,North,Sunglasses,Accessories,3,1204.11,3612.33
111,27-10-2024,East,Shoes,Apparel,10,1224.36,12243.6
112,12-02-2025,West,Charger,Accessories,8,1346.84,10774.72
113,03-11-2024,West,Backpack,Apparel,5,1130.15,5650.75
114,15-01-2025,East,Sunglasses,Accessories,8,943.86,7550.88
115,19-10-2023,West,Monitor,Electronics,5,359.4,1797
116,04-02-2025,East,Keyboard,Electronics,2,216.18,432.36
117,11-07-2025,West,Headphones,Electronics,3,1062.56,3187.68
118,21-09-2024,West,Smartphone,Electronics,6,818.49,4910.94
119,28-02-2024,North,Mouse,Electronics,7,590.32,4132.24
120,12-03-2025,North,Watch,Accessories,7,720.7,5044.9
121,03-09-2024,East,Keyboard,Electronics,7,811.95,5683.65
122,12-12-2024,South,Backpack,Apparel,4,416.67,1666.68
123,02-09-2024,North,Printer,Electronics,6,1006.62,6039.72
124,17-01-2024,West,Watch,Accessories,8,1380.12,11040.96
125,07-09-2024,North,TV,Electronics,10,850.94,8509.4
126,20-05-2025,North,Laptop,Electronics,7,212.19,1485.33
127,21-09-2023,South,Printer,Electronics,5,574.86,2874.3
128,30-06-2024,West,Headphones,Electronics,6,1144.23,6865.38
129,05-10-2024,East,Mouse,Electronics,5,1254.02,6270.1
130,03-02-2025,North,Printer,Electronics,1,1499.86,1499.86
131,27-05-2025,South,Keyboard,Electronics,2,1174.04,2348.08
132,01-09-2023,North,Shoes,Apparel,4,307.05,1228.2
133,01-04-2024,South,Laptop,Electronics,3,715.61,2146.83
134,19-11-2024,South,Smartphone,Electronics,5,1152.68,5763.4
135,15-01-2024,North,Tablet,Electronics,5,171.07,855.35
136,12-03-2025,East,Laptop,Electronics,7,601.02,4207.14
137,17-10-2023,South,Backpack,Apparel,10,1039.02,10390.2
138,13-11-2023,South,Shoes,Apparel,5,1276.94,6384.7
139,02-03-2025,North,TV,Electronics,1,527.33,527.33
140,10-10-2023,East,Mouse,Electronics,9,974.84,8773.56
141,14-12-2024,West,Laptop,Electronics,2,655.95,1311.9
142,25-07-2025,West,Keyboard,Electronics,3,658.88,1976.64
143,22-04-2025,East,Backpack,Apparel,9,1164.22,10477.98
144,29-03-2025,West,Printer,Electronics,5,490.23,2451.15
145,12-05-2024,North,Headphones,Electronics,8,373.36,2986.88
146,10-07-2024,West,Printer,Electronics,1,746.52,746.52
147,12-12-2024,South,Keyboard,Electronics,4,538.69,2154.76
148,13-05-2024,East,Monitor,Electronics,10,1054.76,10547.6
149,11-01-2025,North,Monitor,Electronics,4,137.56,550.24
150,13-12-2024,West,Backpack,Apparel,9,1139.67,10257.03
151,23-05-2025,West,Backpack,Apparel,8,677.78,5422.24
152,28-05-2024,North,Laptop,Electronics,4,612.56,2450.24
153,10-06-2025,East,Headphones,Electronics,10,559.84,5598.4
154,09-10-2024,East,Camera,Electronics,9,502.88,4525.92
155,04-05-2024,West,Backpack,Apparel,5,384.59,1922.95
156,19-06-2024,South,Smartphone,Electronics,2,1116.89,2233.78
157,13-02-2024,South,Watch,Accessories,4,1110.52,4442.08
158,11-11-2023,East,Monitor,Electronics,4,451.41,1805.64
159,05-06-2024,South,Keyboard,Electronics,1,1064.95,1064.95
160,16-09-2023,East,Tablet,Electronics,1,834.5,834.5
161,15-05-2025,South,Backpack,Apparel,8,162.86,1302.88
162,23-11-2024,East,Laptop,Electronics,8,666.3,5330.4
163,15-04-2024,North,Tablet,Electronics,8,179.99,1439.92
164,16-12-2024,West,Smartphone,Electronics,2,869.76,1739.52
165,03-01-2024,North,Shoes,Apparel,3,1218.6,3655.8
166,11-04-2024,North,Monitor,Electronics,2,841.53,1683.06
167,17-01-2025,South,Mouse,Electronics,7,681.27,4768.89
168,25-03-2025,East,Printer,Electronics,7,465.02,3255.14
169,16-04-2025,North,TV,Electronics,2,1421.91,2843.82
170,27-04-2024,South,Headphones,Electronics,2,244.02,488.04
171,08-01-2024,North,Tablet,Electronics,1,618.69,618.69
172,25-05-2024,West,Backpack,Apparel,1,354.9,354.9
173,20-07-2025,East,Backpack,Apparel,8,116.06,928.48
174,02-05-2025,East,Headphones,Electronics,10,995.16,9951.6
175,09-10-2024,South,Charger,Accessories,2,821.4,1642.8
176,29-04-2024,South,Shoes,Apparel,3,116.4,349.2
177,01-04-2025,East,Tablet,Electronics,10,1382.58,13825.8
178,22-11-2024,North,Printer,Electronics,5,1052.6,5263
179,22-10-2024,West,Monitor,Electronics,2,901.07,1802.14
180,26-06-2024,West,Charger,Accessories,10,383.05,3830.5
181,21-06-2025,South,Smartphone,Electronics,10,884.81,8848.1
182,13-03-2025,East,Laptop,Electronics,1,1147.03,1147.03
183,13-01-2025,West,Tablet,Electronics,8,1374.95,10999.6
184,12-05-2025,West,Tablet,Electronics,8,1453.89,11631.12
185,22-09-2024,East,Printer,Electronics,6,488.38,2930.28
186,03-07-2024,South,Smartphone,Electronics,7,1043.57,7304.99
187,14-02-2025,West,Monitor,Electronics,1,687.69,687.69
188,27-06-2024,East,Keyboard,Electronics,2,1455.58,2911.16
189,04-06-2025,North,Mouse,Electronics,9,698.34,6285.06
190,12-01-2025,South,Laptop,Electronics,6,937.72,5626.32
191,22-09-2023,West,Printer,Electronics,4,407.91,1631.64
192,22-10-2024,East,Tablet,Electronics,8,190.92,1527.36
193,27-07-2025,South,Shoes,Apparel,3,473.02,1419.06
194,04-11-2023,West,Laptop,Electronics,4,1488.46,5953.84
195,15-11-2024,North,Charger,Accessories,2,975.09,1950.18
196,25-05-2024,West,Tablet,Electronics,9,1061.06,9549.54
197,26-11-2024,West,Mouse,Electronics,4,690.61,2762.44
198,12-02-2024,West,Tablet,Electronics,10,767.28,7672.8
199,11-10-2023,South,Charger,Accessories,5,1161.29,5806.45
200,14-07-2024,West,Sunglasses,Accessories,9,408.09,3672.81
201,01-06-2024,East,Laptop,Electronics,10,874.09,8740.9
202,31-12-2023,West,Shoes,Apparel,8,812.49,6499.92
203,16-02-2025,East,Keyboard,Electronics,9,572.04,5148.36
204,10-02-2024,East,Charger,Accessories,4,861.98,3447.92
205,14-09-2023,West,Headphones,Electronics,6,1119.61,6717.66
206,30-08-2024,West,Backpack,Apparel,3,748.04,2244.12
207,27-12-2024,South,Laptop,Electronics,10,504.67,5046.7
208,11-11-2023,West,Smartphone,Electronics,9,1366.56,12299.04
209,23-09-2024,South,Laptop,Electronics,3,121.49,364.47
210,12-07-2024,East,Watch,Accessories,10,1042.13,10421.3
211,02-07-2024,North,Shoes,Apparel,9,576.21,5185.89
212,05-02-2025,West,Keyboard,Electronics,1,930.01,930.01
213,20-03-2024,East,Headphones,Electronics,2,656.62,1313.24
214,28-10-2024,North,Smartphone,Electronics,3,1044.06,3132.18
215,17-09-2023,North,Charger,Accessories,6,1196.25,7177.5
216,18-08-2024,East,Monitor,Electronics,7,226.9,1588.3
217,02-03-2025,West,Camera,Electronics,3,263.28,789.84
218,26-04-2025,West,Smartphone,Electronics,4,751.52,3006.08
219,25-03-2024,South,TV,Electronics,8,960.48,7683.84
220,13-06-2025,East,Printer,Electronics,1,1349.37,1349.37
221,24-06-2025,East,Printer,Electronics,9,245.38,2208.42
222,24-03-2025,East,Printer,Electronics,5,962.02,4810.1
223,10-11-2024,East,Mouse,Electronics,5,306.83,1534.15
224,18-11-2023,West,Mouse,Electronics,4,578.23,2312.92
225,17-07-2025,East,Keyboard,Electronics,5,42.69,213.45
226,08-05-2024,West,Sunglasses,Accessories,1,853.23,853.23
227,12-04-2025,North,Shoes,Apparel,8,1250.93,10007.44
228,23-03-2024,East,Charger,Accessories,10,1204.88,12048.8
229,27-04-2025,South,Headphones,Electronics,5,1019.87,5099.35
230,05-05-2025,South,Backpack,Apparel,2,1356.07,2712.14
231,12-06-2024,North,Shoes,Apparel,8,59.71,477.68
232,01-11-2023,South,Keyboard,Electronics,5,496.81,2484.05
233,22-02-2024,South,Mouse,Electronics,3,1181.9,3545.7
234,25-01-2025,East,Charger,Accessories,9,1371.1,12339.9
235,20-04-2024,South,Sunglasses,Accessories,8,1451.4,11611.2
236,26-11-2023,East,Monitor,Electronics,8,1444.71,11557.68
237,23-06-2025,South,Tablet,Electronics,7,1451.23,10158.61
238,01-11-2023,East,Watch,Accessories,7,30.74,215.18
239,08-11-2024,North,Camera,Electronics,6,1012.51,6075.06
240,21-03-2025,East,Shoes,Apparel,7,1235.4,8647.8
241,22-06-2025,North,Keyboard,Electronics,4,712.5,2850
242,16-04-2025,East,TV,Electronics,4,975,3900
243,18-07-2025,West,Shoes,Apparel,5,977.37,4886.85
244,16-09-2023,South,Smartphone,Electronics,1,463.5,463.5
245,08-11-2023,North,Printer,Electronics,4,1332.02,5328.08
246,07-11-2024,West,Tablet,Electronics,6,1009.02,6054.12
247,24-03-2025,West,Backpack,Apparel,3,1329.27,3987.81
248,14-12-2024,North,Shoes,Apparel,10,618.09,6180.9
249,07-07-2025,North,Monitor,Electronics,6,333.73,2002.38
250,06-08-2024,South,Printer,Electronics,2,1471.58,2943.16
251,02-10-2023,East,Keyboard,Electronics,7,421.06,2947.42
252,02-11-2023,West,Smartphone,Electronics,4,966.14,3864.56
253,21-09-2023,North,TV,Electronics,6,372.92,2237.52
254,10-10-2023,South,Tablet,Electronics,9,318.66,2867.94
255,02-07-2024,South,Headphones,Electronics,3,1185.08,3555.24
256,10-05-2024,North,TV,Electronics,3,1481.42,4444.26
257,26-01-2024,East,Camera,Electronics,2,994.98,1989.96
258,16-08-2023,South,Laptop,Electronics,6,1187.08,7122.48
259,17-08-2023,East,Headphones,Electronics,3,405.4,1216.2
260,20-01-2025,West,Tablet,Electronics,2,1121.04,2242.08
261,05-08-2024,West,Printer,Electronics,9,894.56,8051.04
262,21-04-2025,South,Printer,Electronics,1,1093.59,1093.59
263,12-11-2024,East,Charger,Accessories,1,100.63,100.63
264,10-10-2024,West,Printer,Electronics,2,740.5,1481
265,15-10-2023,West,Charger,Accessories,2,489.95,979.9
266,08-12-2023,North,Tablet,Electronics,5,940.23,4701.15
267,25-08-2024,East,TV,Electronics,10,800.53,8005.3
268,10-11-2023,West,Printer,Electronics,2,1280.66,2561.32
269,14-10-2024,South,Shoes,Apparel,8,1333.26,10666.08
270,07-11-2024,East,Mouse,Electronics,7,629.82,4408.74
271,11-10-2024,East,Smartphone,Electronics,6,1001.01,6006.06
272,04-07-2025,South,Keyboard,Electronics,8,110.03,880.24
273,04-11-2023,North,Sunglasses,Accessories,7,153.88,1077.16
274,12-12-2023,East,Backpack,Apparel,9,99.37,894.33
275,17-06-2025,East,Camera,Electronics,2,622.1,1244.2
276,22-09-2023,West,Sunglasses,Accessories,5,904.61,4523.05
277,14-03-2025,North,Keyboard,Electronics,9,326.98,2942.82
278,17-03-2024,West,Shoes,Apparel,2,531.67,1063.34
279,26-11-2023,East,Camera,Electronics,5,865.41,4327.05
280,25-02-2025,West,Watch,Accessories,10,924.22,9242.2
281,15-04-2025,North,Shoes,Apparel,5,53.14,265.7
282,13-07-2024,East,Monitor,Electronics,6,19.1,114.6
283,02-03-2025,South,Sunglasses,Accessories,7,113.68,795.76
284,02-11-2023,North,Backpack,Apparel,9,330.55,2974.95
285,15-07-2024,West,Mouse,Electronics,3,561.38,1684.14
286,04-03-2025,East,Backpack,Apparel,10,136.59,1365.9
287,09-01-2024,South,Laptop,Electronics,10,84.15,841.5
288,27-10-2024,East,Smartphone,Electronics,7,733.64,5135.48
289,06-05-2024,West,Printer,Electronics,4,1134.87,4539.48
290,14-10-2024,East,Smartphone,Electronics,2,432.04,864.08
291,21-01-2025,West,Shoes,Apparel,5,77.67,388.35
292,08-08-2023,North,Mouse,Electronics,4,459.11,1836.44
293,18-04-2024,South,Headphones,Electronics,5,498.9,2494.5
294,14-10-2024,West,Laptop,Electronics,3,202.49,607.47
295,25-12-2024,South,Camera,Electronics,9,1251.7,11265.3
296,13-10-2023,East,Watch,Accessories,7,1294.03,9058.21
297,20-08-2023,West,Laptop,Electronics,8,1382.53,11060.24
298,12-03-2025,East,Sunglasses,Accessories,7,864.37,6050.59
299,23-05-2024,West,Backpack,Apparel,2,613.5,1227
300,24-04-2025,South,Keyboard,Electronics,8,1249.72,9997.76
301,30-10-2023,East,Charger,Accessories,7,1268.28,8877.96
302,26-03-2025,West,Headphones,Electronics,7,790.7,5534.9
303,13-07-2024,East,Mouse,Electronics,4,506.27,2025.08
304,04-01-2025,North,Tablet,Electronics,2,800.6,1601.2
305,25-07-2024,East,Headphones,Electronics,3,362.04,1086.12
306,19-02-2024,East,Tablet,Electronics,3,907.57,2722.71
307,29-01-2024,North,Watch,Accessories,8,701.29,5610.32
308,28-06-2025,West,TV,Electronics,10,968.06,9680.6
309,04-05-2025,East,TV,Electronics,6,234.93,1409.58
310,26-10-2024,West,Smartphone,Electronics,5,1196.53,5982.65
311,26-07-2024,North,TV,Electronics,9,120.54,1084.86
312,08-09-2023,West,Printer,Electronics,1,559.42,559.42
313,22-05-2025,North,Monitor,Electronics,2,926.36,1852.72
314,16-11-2024,West,Camera,Electronics,10,835.93,8359.3
315,03-11-2024,North,Watch,Accessories,10,981.24,9812.4
316,26-12-2024,West,Keyboard,Electronics,3,1437.01,4311.03
317,17-07-2024,North,Printer,Electronics,2,761.78,1523.56
318,10-04-2024,North,Tablet,Electronics,8,1486.57,11892.56
319,07-08-2024,South,Camera,Electronics,6,1377.73,8266.38
320,12-07-2024,West,Mouse,Electronics,10,88.02,880.2
321,07-10-2023,East,Shoes,Apparel,6,150.81,904.86
322,17-05-2024,West,Shoes,Apparel,5,1088.36,5441.8
323,07-07-2024,South,Shoes,Apparel,2,878.28,1756.56
324,13-06-2024,East,Tablet,Electronics,7,202.14,1414.98
325,13-06-2024,North,Backpack,Apparel,9,571.25,5141.25
326,09-12-2023,East,Watch,Accessories,9,149.24,1343.16
327,02-01-2025,West,Shoes,Apparel,6,37.16,222.96
328,07-03-2024,South,Monitor,Electronics,6,1422.03,8532.18
329,19-03-2024,South,Printer,Electronics,3,240.87,722.61
330,01-01-2025,North,Monitor,Electronics,9,1254.33,11288.97
331,08-06-2025,North,Charger,Accessories,6,1315.83,7894.98
332,03-04-2025,South,TV,Electronics,7,239.84,1678.88
333,22-10-2024,South,Tablet,Electronics,1,622.18,622.18
334,28-10-2024,South,Shoes,Apparel,10,434.54,4345.4
335,27-03-2024,West,Backpack,Apparel,9,366.36,3297.24
336,15-02-2024,West,Watch,Accessories,6,1020.68,6124.08
337,15-11-2024,West,TV,Electronics,5,1169.4,5847
338,13-01-2024,West,Camera,Electronics,4,1203.88,4815.52
339,23-09-2023,East,Tablet,Electronics,8,1312.43,10499.44
340,29-07-2025,North,Camera,Electronics,9,1278.24,11504.16
341,12-01-2024,North,Monitor,Electronics,5,679.49,3397.45
342,21-10-2024,South,Camera,Electronics,2,1420.16,2840.32
343,23-07-2024,West,Headphones,Electronics,1,628.2,628.2
344,29-03-2024,East,Mouse,Electronics,7,1491.84,10442.88
345,29-08-2023,South,Keyboard,Electronics,6,1396.93,8381.58
346,28-12-2023,East,Sunglasses,Accessories,3,67.07,201.21
347,13-07-2025,West,Charger,Accessories,3,1140.67,3422.01
348,22-04-2025,West,Printer,Electronics,1,1359.73,1359.73
349,08-03-2024,East,Laptop,Electronics,3,827.72,2483.16
350,22-11-2023,West,Backpack,Apparel,5,364.08,1820.4
351,01-04-2024,North,Smartphone,Electronics,7,962.04,6734.28
352,04-10-2023,West,TV,Electronics,2,1256.66,2513.32
353,09-05-2025,North,Printer,Electronics,9,866.82,7801.38
354,25-05-2024,South,Backpack,Apparel,7,12.33,86.31
355,07-03-2025,South,Keyboard,Electronics,7,289.1,2023.7
356,18-01-2025,North,Shoes,Apparel,6,110.84,665.04
357,03-09-2024,North,Camera,Electronics,8,74.87,598.96
358,16-04-2024,East,Mouse,Electronics,1,542.07,542.07
359,03-04-2024,East,Smartphone,Electronics,2,1159.54,2319.08
360,15-12-2023,East,Backpack,Apparel,1,534.93,534.93
361,02-07-2025,South,Keyboard,Electronics,8,1471.42,11771.36
362,17-12-2023,South,Printer,Electronics,2,1076.91,2153.82
363,27-05-2024,North,Printer,Electronics,4,75.27,301.08
364,19-06-2024,North,Headphones,Electronics,5,777.92,3889.6
365,16-04-2024,West,Sunglasses,Accessories,1,1132.4,1132.4
366,31-07-2024,East,Headphones,Electronics,1,1300.04,1300.04
367,06-12-2023,East,Keyboard,Electronics,6,661.06,3966.36
368,30-08-2024,West,Mouse,Electronics,6,1460.85,8765.1
369,11-08-2024,West,Printer,Electronics,9,407.41,3666.69
370,20-10-2023,West,Smartphone,Electronics,7,907.66,6353.62
371,09-02-2025,South,Sunglasses,Accessories,5,488.61,2443.05
372,07-06-2025,East,Smartphone,Electronics,5,466.68,2333.4
373,18-01-2024,West,TV,Electronics,8,533.81,4270.48
374,21-04-2025,East,Laptop,Electronics,7,419.09,2933.63
375,16-10-2023,North,Watch,Accessories,7,551.33,3859.31
376,01-09-2023,South,Watch,Accessories,3,1274.52,3823.56
377,05-09-2023,West,Shoes,Apparel,3,110.18,330.54
378,05-08-2024,East,Watch,Accessories,7,1424.71,9972.97
379,26-06-2025,South,Laptop,Electronics,8,1423.75,11390
380,18-10-2023,West,Keyboard,Electronics,10,215.17,2151.7
381,17-06-2024,West,Keyboard,Electronics,5,381.92,1909.6
382,07-02-2024,North,Smartphone,Electronics,8,781.44,6251.52
383,25-04-2024,North,Charger,Accessories,5,1059.02,5295.1
384,11-07-2025,East,Headphones,Electronics,8,308.27,2466.16
385,05-11-2024,North,Tablet,Electronics,3,1349.03,4047.09
386,29-06-2025,North,Printer,Electronics,6,1005.08,6030.48
387,14-02-2025,North,Backpack,Apparel,9,442.64,3983.76
388,29-07-2025,South,Monitor,Electronics,3,1192.61,3577.83
389,03-12-2023,South,Camera,Electronics,4,1190.18,4760.72
390,27-08-2023,West,Headphones,Electronics,6,835.49,5012.94
391,15-02-2025,West,Keyboard,Electronics,3,921.8,2765.4
392,12-06-2024,North,Smartphone,Electronics,7,1499.4,10495.8
393,20-01-2025,West,Backpack,Apparel,7,1156.06,8092.42
394,07-12-2023,North,Sunglasses,Accessories,6,967.08,5802.48
395,27-06-2025,West,Printer,Electronics,9,523.33,4709.97
396,11-12-2023,South,Charger,Accessories,7,759.27,5314.89
397,06-12-2023,North,Sunglasses,Accessories,9,237.99,2141.91
398,26-06-2024,South,Tablet,Electronics,4,525.57,2102.28
399,20-10-2023,East,Camera,Electronics,5,302.49,1512.45
400,07-12-2023,East,Camera,Electronics,5,925.5,4627.5
401,29-03-2025,South,Smartphone,Electronics,10,239.75,2397.5
402,28-02-2025,East,Shoes,Apparel,1,1239.6,1239.6
403,16-09-2023,North,Laptop,Electronics,10,404.34,4043.4
404,24-04-2025,West,Headphones,Electronics,1,752.08,752.08
405,19-05-2025,East,Shoes,Apparel,5,729.59,3647.95
406,31-05-2024,West,Watch,Accessories,8,118.73,949.84
407,24-10-2024,South,Laptop,Electronics,7,731.53,5120.71
408,13-04-2025,East,Headphones,Electronics,3,475.75,1427.25
409,19-07-2024,East,Backpack,Apparel,7,204.84,1433.88
410,22-06-2024,North,Keyboard,Electronics,4,705.04,2820.16
411,10-04-2024,West,Monitor,Electronics,3,154.25,462.75
412,22-04-2025,West,Monitor,Electronics,7,379.92,2659.44
413,01-07-2024,South,Sunglasses,Accessories,10,1084.48,10844.8
414,23-12-2024,South,Headphones,Electronics,9,705.55,6349.95
415,22-12-2024,East,Charger,Accessories,1,144.17,144.17
416,03-04-2024,West,Mouse,Electronics,4,879.18,3516.72
417,15-05-2024,North,Laptop,Electronics,8,900.3,7202.4
418,19-05-2024,West,Sunglasses,Accessories,9,22.18,199.62
419,16-12-2023,West,Smartphone,Electronics,5,1093.99,5469.95
420,09-08-2024,West,Watch,Accessories,1,606.87,606.87
421,06-08-2024,South,TV,Electronics,9,440.02,3960.18
422,14-02-2025,West,Mouse,Electronics,5,1239.71,6198.55
423,10-12-2023,North,TV,Electronics,2,596.92,1193.84
424,22-02-2025,East,Watch,Accessories,6,1134.9,6809.4
425,25-12-2024,West,Headphones,Electronics,1,77.5,77.5
426,28-11-2024,East,Tablet,Electronics,9,690.91,6218.19
427,01-07-2024,South,TV,Electronics,10,484.61,4846.1
428,30-03-2025,East,Mouse,Electronics,6,765.9,4595.4
429,26-07-2025,West,Camera,Electronics,10,456.69,4566.9
430,12-08-2024,North,Sunglasses,Accessories,6,1013.97,6083.82
431,05-07-2025,East,Mouse,Electronics,1,899.4,899.4
432,22-09-2023,South,Monitor,Electronics,10,725.87,7258.7
433,30-12-2023,West,Camera,Electronics,4,57.04,228.16
434,12-02-2024,North,Backpack,Apparel,1,667.15,667.15
435,26-09-2024,South,Mouse,Electronics,4,621.46,2485.84
436,03-10-2023,West,Watch,Accessories,3,782.84,2348.52
437,09-06-2025,East,Camera,Electronics,8,792.96,6343.68
438,13-11-2024,South,Keyboard,Electronics,9,520.07,4680.63
439,16-04-2025,East,Keyboard,Electronics,8,296.47,2371.76
440,22-02-2025,East,Headphones,Electronics,5,345.05,1725.25
441,22-07-2025,East,Monitor,Electronics,4,1038.46,4153.84
442,04-12-2024,East,Printer,Electronics,6,845.13,5070.78
443,21-05-2024,East,Charger,Accessories,2,864.48,1728.96
444,08-09-2024,West,Camera,Electronics,6,1432.37,8594.22
445,24-05-2024,South,Watch,Accessories,1,438.57,438.57
446,20-07-2024,North,Backpack,Apparel,8,987.4,7899.2
447,07-03-2024,West,Backpack,Apparel,4,1243.65,4974.6
448,19-12-2023,East,Monitor,Electronics,2,927.36,1854.72
449,05-04-2024,South,TV,Electronics,1,1008.05,1008.05
450,15-05-2025,South,Camera,Electronics,4,88.21,352.84
451,26-11-2024,East,Mouse,Electronics,2,1024.98,2049.96
452,14-02-2025,North,Tablet,Electronics,3,616.29,1848.87
453,01-12-2024,West,Charger,Accessories,4,1136.31,4545.24
454,19-05-2024,East,Monitor,Electronics,1,1362.83,1362.83
455,29-01-2025,South,Smartphone,Electronics,1,1370.71,1370.71
456,28-01-2024,West,Tablet,Electronics,1,1495.79,1495.79
457,07-02-2024,West,Mouse,Electronics,5,1316.35,6581.75
458,04-03-2025,East,Laptop,Electronics,10,169.88,1698.8
459,08-11-2024,East,Keyboard,Electronics,9,791.23,7121.07
460,29-12-2024,South,Charger,Accessories,8,416.53,3332.24
461,04-07-2024,North,Watch,Accessories,3,1099.37,3298.11
462,07-02-2024,East,Shoes,Apparel,1,1107.56,1107.56
463,04-03-2025,East,Watch,Accessories,4,271.49,1085.96
464,11-10-2024,West,Sunglasses,Accessories,9,498.61,4487.49
465,06-02-2024,North,Mouse,Electronics,3,721.41,2164.23
466,07-08-2023,South,Charger,Accessories,5,581.53,2907.65
467,03-07-2024,East,Printer,Electronics,5,877.87,4389.35
468,24-04-2024,North,TV,Electronics,6,1042.23,6253.38
469,19-11-2024,North,Laptop,Electronics,5,247.98,1239.9
470,07-07-2025,East,Shoes,Apparel,2,961.68,1923.36
471,21-04-2025,East,Monitor,Electronics,4,336.5,1346
472,04-01-2024,West,Tablet,Electronics,8,1124.12,8992.96
473,29-09-2024,East,TV,Electronics,9,1370.07,12330.63
474,10-04-2024,South,Watch,Accessories,10,1310.97,13109.7
475,22-01-2025,West,Smartphone,Electronics,6,126.37,758.22
476,03-10-2023,North,TV,Electronics,9,1355.3,12197.7
477,16-01-2024,South,Headphones,Electronics,6,1283.18,7699.08
478,27-06-2025,North,Printer,Electronics,4,1078.21,4312.84
479,04-01-2025,North,Printer,Electronics,8,1214.95,9719.6
480,07-01-2025,South,Printer,Electronics,7,690.63,4834.41
481,19-06-2025,West,Laptop,Electronics,5,1087.69,5438.45
482,04-08-2023,East,Mouse,Electronics,4,871.68,3486.72
483,18-07-2024,West,Laptop,Electronics,2,816.33,1632.66
484,26-11-2024,North,Laptop,Electronics,1,437.77,437.77
485,18-05-2025,South,Tablet,Electronics,7,567.95,3975.65
486,02-11-2024,West,Charger,Accessories,7,569.71,3987.97
487,31-05-2025,South,Shoes,Apparel,6,186.76,1120.56
488,23-01-2025,West,Camera,Electronics,3,1094.51,3283.53
489,24-08-2023,North,Headphones,Electronics,5,699.88,3499.4
490,26-01-2025,West,Backpack,Apparel,7,1236.81,8657.67
491,20-07-2024,West,Headphones,Electronics,3,420.72,1262.16
492,02-09-2023,North,Charger,Accessories,7,926.24,6483.68
493,03-04-2024,North,Charger,Accessories,4,110.26,441.04
494,31-10-2024,North,TV,Electronics,10,1011.32,10113.2
495,07-04-2024,North,Sunglasses,Accessories,1,609.38,609.38
496,27-09-2023,South,Headphones,Electronics,3,760.8,2282.4
497,12-03-2025,South,Monitor,Electronics,6,870.44,5222.64
498,30-03-2024,East,Watch,Accessories,5,1315.62,6578.1
499,27-09-2024,South,Shoes,Apparel,5,419.98,2099.9
500,03-05-2025,South,Camera,Electronics,7,838.22,5867.54
501,20-05-2025,East,Laptop,Electronics,7,1180.85,8265.95
502,22-09-2024,West,Keyboard,Electronics,3,456.83,1370.49
503,03-04-2024,West,Tablet,Electronics,4,458.1,1832.4
504,17-11-2024,South,Backpack,Apparel,1,847.96,847.96
505,01-09-2024,South,Mouse,Electronics,4,389.94,1559.76
506,03-11-2024,North,Keyboard,Electronics,6,147.77,886.62
507,22-09-2023,South,Backpack,Apparel,5,571.98,2859.9
508,14-10-2023,North,TV,Electronics,4,1208.93,4835.72
509,03-12-2024,South,TV,Electronics,4,1305.52,5222.08
510,16-08-2023,East,Keyboard,Electronics,4,1406.37,5625.48
511,03-12-2024,North,Backpack,Apparel,4,1046.48,4185.92
512,10-09-2024,South,Backpack,Apparel,4,832.6,3330.4
513,24-08-2024,East,Watch,Accessories,8,805.14,6441.12
514,24-04-2024,East,Keyboard,Electronics,6,774.1,4644.6
515,09-11-2023,West,Printer,Electronics,8,1144.83,9158.64
516,14-08-2024,South,Keyboard,Electronics,6,626.76,3760.56
517,28-12-2023,South,TV,Electronics,1,398.55,398.55
518,29-05-2024,West,Charger,Accessories,3,302.33,906.99
519,06-03-2025,West,Headphones,Electronics,4,753.96,3015.84
520,20-04-2024,East,Shoes,Apparel,8,1450.1,11600.8
521,14-11-2024,West,Shoes,Apparel,3,1101.83,3305.49
522,22-12-2023,South,Keyboard,Electronics,9,737.59,6638.31
523,18-01-2025,North,Charger,Accessories,1,1260.21,1260.21
524,07-08-2023,North,Smartphone,Electronics,7,214.86,1504.02
525,09-10-2023,South,Shoes,Apparel,3,23.62,70.86
526,17-08-2024,West,Camera,Electronics,1,930.57,930.57
527,06-06-2025,West,Shoes,Apparel,8,33.44,267.52
528,13-08-2023,West,Camera,Electronics,1,798.83,798.83
529,18-08-2023,East,Monitor,Electronics,9,1221.6,10994.4
530,31-01-2024,West,Shoes,Apparel,2,1377.89,2755.78
531,03-04-2024,South,Camera,Electronics,4,933.47,3733.88
532,30-04-2024,East,Monitor,Electronics,7,127.74,894.18
533,01-03-2025,West,Mouse,Electronics,4,1485.45,5941.8
534,01-07-2025,East,Headphones,Electronics,2,984.07,1968.14
535,04-11-2023,North,Sunglasses,Accessories,7,575.1,4025.7
536,27-09-2023,West,Camera,Electronics,1,1057.24,1057.24
537,18-10-2024,West,Smartphone,Electronics,6,853.13,5118.78
538,22-01-2025,North,Sunglasses,Accessories,1,352.35,352.35
539,04-05-2024,West,Charger,Accessories,1,1387,1387
540,07-02-2025,East,Shoes,Apparel,10,990.58,9905.8
541,17-08-2023,East,Tablet,Electronics,4,884.68,3538.72
542,18-10-2023,West,Watch,Accessories,5,252.05,1260.25
543,24-06-2025,West,Headphones,Electronics,9,504.28,4538.52
544,06-07-2025,South,Watch,Accessories,2,756.18,1512.36
545,09-11-2023,North,Keyboard,Electronics,7,355.89,2491.23
546,11-04-2025,East,Smartphone,Electronics,10,1432.74,14327.4
547,31-08-2023,East,Mouse,Electronics,5,1177.49,5887.45
548,21-03-2024,West,Printer,Electronics,6,834.03,5004.18
549,07-02-2024,West,Mouse,Electronics,10,994.4,9944
550,09-04-2024,East,Smartphone,Electronics,2,132.24,264.48
551,29-07-2025,West,Tablet,Electronics,3,1112.09,3336.27
552,18-11-2023,East,Keyboard,Electronics,2,17.74,35.48
553,03-08-2024,West,Monitor,Electronics,5,162.32,811.6
554,15-10-2024,South,Smartphone,Electronics,8,839.91,6719.28
555,14-11-2023,West,Camera,Electronics,1,143.53,143.53
556,03-04-2025,North,Camera,Electronics,10,1178.81,11788.1
557,13-08-2023,West,Sunglasses,Accessories,5,626.58,3132.9
558,23-02-2025,North,Watch,Accessories,4,862.22,3448.88
559,21-01-2024,West,Tablet,Electronics,3,410.69,1232.07
560,28-12-2023,West,Monitor,Electronics,2,259.14,518.28
561,02-06-2024,West,Monitor,Electronics,8,1176.17,9409.36
562,09-04-2024,East,Keyboard,Electronics,8,894.77,7158.16
563,18-11-2023,West,Headphones,Electronics,3,463.94,1391.82
564,27-04-2025,East,Mouse,Electronics,7,1208.07,8456.49
565,08-07-2024,West,Keyboard,Electronics,7,1225.06,8575.42
566,03-06-2024,South,Sunglasses,Accessories,6,908.78,5452.68
567,03-12-2024,South,Backpack,Apparel,6,274.68,1648.08
568,25-05-2024,East,Mouse,Electronics,8,1451.97,11615.76
569,29-06-2024,South,Watch,Accessories,7,427.65,2993.55
570,08-08-2024,West,Watch,Accessories,2,1398.78,2797.56
571,29-06-2025,South,Headphones,Electronics,9,50.11,450.99
572,26-07-2025,West,Backpack,Apparel,4,663.3,2653.2
573,22-09-2024,North,Monitor,Electronics,8,217.38,1739.04
574,15-04-2024,South,Monitor,Electronics,3,1075.7,3227.1
575,15-10-2023,West,Watch,Accessories,8,1486.14,11889.12
576,29-01-2025,West,Printer,Electronics,9,1386.01,12474.09
577,07-02-2025,West,Sunglasses,Accessories,1,1188.17,1188.17
578,20-11-2023,North,Keyboard,Electronics,4,989.83,3959.32
579,24-05-2025,South,Keyboard,Electronics,10,76,760
580,05-07-2024,West,Shoes,Apparel,7,167.86,1175.02
581,15-03-2024,East,Smartphone,Electronics,9,1122.81,10105.29
582,30-10-2024,South,Camera,Electronics,6,592.79,3556.74
583,19-07-2024,South,Watch,Accessories,1,729.33,729.33
584,27-10-2023,West,Monitor,Electronics,2,1248.66,2497.32
585,22-07-2024,South,Backpack,Apparel,5,521.17,2605.85
586,15-01-2025,South,Watch,Accessories,8,528.97,4231.76
587,14-07-2025,West,Smartphone,Electronics,8,485.18,3881.44
588,28-07-2025,North,Monitor,Electronics,2,43.65,87.3
589,24-06-2025,North,Keyboard,Electronics,3,1395.58,4186.74
590,10-01-2025,South,Backpack,Apparel,3,832.35,2497.05
591,16-11-2024,West,Keyboard,Electronics,4,1198.66,4794.64
592,07-02-2024,South,Shoes,Apparel,7,599.42,4195.94
593,03-11-2024,South,Backpack,Apparel,10,650.03,6500.3
594,27-02-2024,South,Laptop,Electronics,5,1130.96,5654.8
595,14-03-2025,North,Watch,Accessories,2,1201.26,2402.52
596,09-08-2024,South,Camera,Electronics,6,303.64,1821.84
597,17-06-2025,East,Smartphone,Electronics,8,796.3,6370.4
598,03-04-2025,East,Shoes,Apparel,7,920.85,6445.95
599,22-07-2024,North,TV,Electronics,6,1269.82,7618.92
600,20-06-2025,South,TV,Electronics,5,1378.84,6894.2
601,19-06-2025,North,TV,Electronics,3,476.65,1429.95
602,28-11-2023,East,Headphones,Electronics,3,566.23,1698.69
603,02-10-2024,West,Tablet,Electronics,10,215.42,2154.2
604,07-02-2024,West,Mouse,Electronics,8,956.9,7655.2
605,19-02-2025,South,Backpack,Apparel,3,739.57,2218.71
606,18-06-2024,South,Tablet,Electronics,8,932.92,7463.36
607,10-08-2023,East,Sunglasses,Accessories,8,213.44,1707.52
608,26-02-2025,West,Sunglasses,Accessories,9,983.07,8847.63
609,29-09-2024,West,Mouse,Electronics,8,738.16,5905.28
610,13-03-2024,North,Smartphone,Electronics,5,58.72,293.6
611,20-01-2024,East,Headphones,Electronics,8,852.82,6822.56
612,13-02-2025,West,Watch,Accessories,9,178.68,1608.12
613,07-02-2025,East,Smartphone,Electronics,6,817.64,4905.84
614,25-10-2024,North,Watch,Accessories,9,335.63,3020.67
615,31-05-2025,North,Mouse,Electronics,4,453.59,1814.36
616,26-04-2024,West,Laptop,Electronics,6,1294.68,7768.08
617,29-11-2023,West,Smartphone,Electronics,4,322.72,1290.88
618,28-07-2025,East,Backpack,Apparel,10,952.83,9528.3
619,28-02-2024,South,Tablet,Electronics,4,1210.11,4840.44
620,27-01-2025,East,TV,Electronics,5,899.32,4496.6
621,21-07-2025,East,Tablet,Electronics,5,441.11,2205.55
622,17-12-2023,North,Monitor,Electronics,7,1378.97,9652.79
623,19-07-2025,South,Monitor,Electronics,3,382.02,1146.06
624,10-04-2024,East,Backpack,Apparel,7,739.29,5175.03
625,04-05-2025,East,TV,Electronics,7,569.01,3983.07
626,16-09-2024,North,Smartphone,Electronics,9,1127.21,10144.89
627,08-11-2024,East,Backpack,Apparel,8,497.66,3981.28
628,12-11-2024,North,Laptop,Electronics,6,1276.66,7659.96
629,11-03-2024,West,Watch,Accessories,7,1239.02,8673.14
630,26-06-2024,East,Printer,Electronics,5,513.26,2566.3
631,02-03-2025,South,TV,Electronics,8,1184.57,9476.56
632,17-09-2023,North,Charger,Accessories,2,943.01,1886.02
633,17-08-2023,West,Sunglasses,Accessories,2,1394.85,2789.7
634,10-11-2024,West,Tablet,Electronics,1,1487.84,1487.84
635,06-07-2025,South,Mouse,Electronics,3,1324.4,3973.2
636,07-05-2024,South,Monitor,Electronics,2,985.34,1970.68
637,15-08-2024,North,Monitor,Electronics,3,87.16,261.48
638,17-07-2025,East,Shoes,Apparel,4,649.55,2598.2
639,02-08-2023,North,Smartphone,Electronics,4,720.44,2881.76
640,13-01-2025,South,Tablet,Electronics,8,23.84,190.72
641,02-12-2023,East,Backpack,Apparel,7,1044.11,7308.77
642,22-03-2024,North,Printer,Electronics,7,143.1,1001.7
643,14-11-2023,North,Watch,Accessories,6,557.67,3346.02
644,26-08-2024,South,Monitor,Electronics,3,965.95,2897.85
645,10-10-2023,South,Shoes,Apparel,9,849.3,7643.7
646,24-10-2024,South,TV,Electronics,6,1086.42,6518.52
647,25-09-2024,South,Shoes,Apparel,10,1032.98,10329.8
648,28-10-2023,South,Sunglasses,Accessories,2,218.62,437.24
649,25-07-2024,West,Smartphone,Electronics,7,478.61,3350.27
650,10-05-2024,South,Tablet,Electronics,2,379.77,759.54
651,08-07-2025,East,TV,Electronics,1,1273.36,1273.36
652,27-02-2024,East,Shoes,Apparel,9,914.32,8228.88
653,29-05-2024,West,Headphones,Electronics,1,1177.86,1177.86
654,19-12-2024,South,Watch,Accessories,7,177.99,1245.93
655,22-01-2025,North,Printer,Electronics,1,1480.45,1480.45
656,14-12-2023,East,Charger,Accessories,7,1292.61,9048.27
657,09-08-2024,West,TV,Electronics,9,1027.58,9248.22
658,14-10-2023,West,Watch,Accessories,1,885.17,885.17
659,08-03-2024,East,Laptop,Electronics,1,1384.64,1384.64
660,31-12-2024,West,Watch,Accessories,5,946.57,4732.85
661,07-10-2024,West,Camera,Electronics,7,132.82,929.74
662,11-05-2024,South,Camera,Electronics,2,471.76,943.52
663,07-01-2024,South,Camera,Electronics,9,496.86,4471.74
664,13-06-2024,North,TV,Electronics,7,1097.64,7683.48
665,29-09-2023,South,Sunglasses,Accessories,4,138.46,553.84
666,07-11-2024,North,Mouse,Electronics,10,917.16,9171.6
667,01-12-2023,South,Monitor,Electronics,1,1064.77,1064.77
668,15-01-2024,North,Backpack,Apparel,8,1429.99,11439.92
669,18-01-2024,East,Camera,Electronics,6,199.13,1194.78
670,29-11-2023,East,Watch,Accessories,1,509.17,509.17
671,18-01-2025,East,Mouse,Electronics,2,401.79,803.58
672,21-12-2024,North,TV,Electronics,8,771.07,6168.56
673,03-03-2025,West,Laptop,Electronics,3,557.85,1673.55
674,10-03-2025,North,Monitor,Electronics,2,350.32,700.64
675,15-09-2023,North,Camera,Electronics,1,374.38,374.38
676,27-08-2024,East,Printer,Electronics,3,276.65,829.95
677,17-02-2025,North,Sunglasses,Accessories,7,344.53,2411.71
678,23-06-2024,West,Headphones,Electronics,5,1240.74,6203.7
679,01-12-2023,East,TV,Electronics,9,1013.26,9119.34
680,16-03-2024,South,Laptop,Electronics,9,1472.31,13250.79
681,19-11-2024,North,Mouse,Electronics,5,1162.56,5812.8
682,28-10-2023,East,Monitor,Electronics,9,690.55,6214.95
683,25-05-2024,South,Keyboard,Electronics,10,1178.92,11789.2
684,18-11-2024,South,Backpack,Apparel,6,891.62,5349.72
685,10-02-2025,South,Printer,Electronics,4,234.34,937.36
686,25-08-2023,West,Charger,Accessories,4,816.9,3267.6
687,09-07-2024,North,Shoes,Apparel,1,1140.8,1140.8
688,15-11-2023,East,Mouse,Electronics,4,799.42,3197.68
689,16-12-2024,West,Headphones,Electronics,1,1459.11,1459.11
690,04-11-2023,East,Tablet,Electronics,1,1382.7,1382.7
691,18-07-2025,West,Charger,Accessories,6,693.1,4158.6
692,17-03-2025,North,Backpack,Apparel,2,763.09,1526.18
693,16-10-2023,West,Shoes,Apparel,10,856.05,8560.5
694,30-03-2024,South,Mouse,Electronics,5,398.88,1994.4
695,18-07-2025,West,Keyboard,Electronics,6,483.91,2903.46
696,16-10-2023,South,Monitor,Electronics,4,212.81,851.24
697,07-01-2024,North,Watch,Accessories,2,254.92,509.84
698,20-09-2024,East,Printer,Electronics,2,808.53,1617.06
699,05-11-2024,South,Watch,Accessories,5,700.39,3501.95
700,01-11-2023,North,Sunglasses,Accessories,3,1213.32,3639.96
701,08-03-2024,North,Monitor,Electronics,6,231,1386
702,30-07-2024,South,Backpack,Apparel,7,775.05,5425.35
703,23-04-2024,East,Shoes,Apparel,3,56.31,168.93
704,20-02-2025,West,Mouse,Electronics,9,382.28,3440.52
705,22-12-2023,North,Printer,Electronics,2,27.82,55.64
706,12-12-2023,South,Sunglasses,Accessories,4,1237.27,4949.08
707,19-03-2025,North,Keyboard,Electronics,10,395.64,3956.4
708,23-08-2023,North,Sunglasses,Accessories,2,304.65,609.3
709,10-12-2023,West,Shoes,Apparel,2,1358.57,2717.14
710,04-12-2023,East,Sunglasses,Accessories,1,1414,1414
711,10-03-2025,South,Laptop,Electronics,7,1234.31,8640.17
712,31-08-2023,West,Mouse,Electronics,7,1027.99,7195.93
713,07-03-2024,East,Tablet,Electronics,3,419.72,1259.16
714,05-09-2023,South,Printer,Electronics,10,932.57,9325.7
715,23-12-2024,East,Headphones,Electronics,7,1325.34,9277.38
716,29-10-2023,North,Printer,Electronics,5,580.69,2903.45
717,20-05-2025,South,Mouse,Electronics,9,381.23,3431.07
718,26-08-2024,North,Watch,Accessories,6,724.73,4348.38
719,18-07-2024,West,Watch,Accessories,10,758.57,7585.7
720,01-02-2024,East,Mouse,Electronics,1,485.13,485.13
721,14-05-2024,North,Headphones,Electronics,1,1214.89,1214.89
722,21-03-2025,East,Printer,Electronics,4,1461.23,5844.92
723,03-06-2025,South,Smartphone,Electronics,4,407.13,1628.52
724,12-03-2024,North,Sunglasses,Accessories,10,1271.29,12712.9
725,29-07-2024,West,Watch,Accessories,3,272.39,817.17
726,15-07-2025,East,TV,Electronics,6,1371.83,8230.98
727,04-03-2025,East,Laptop,Electronics,10,221.73,2217.3
728,06-02-2025,West,Headphones,Electronics,5,271.58,1357.9
729,27-09-2023,North,Laptop,Electronics,4,906.48,3625.92
730,01-08-2023,West,Laptop,Electronics,6,1377.67,8266.02
731,14-07-2024,South,Headphones,Electronics,3,1378.98,4136.94
732,30-09-2023,East,Sunglasses,Accessories,1,230.09,230.09
733,22-11-2023,South,Backpack,Apparel,9,1292.4,11631.6
734,22-07-2025,East,Smartphone,Electronics,7,883.16,6182.12
735,26-06-2024,East,Keyboard,Electronics,3,1464.03,4392.09
736,16-05-2025,West,Backpack,Apparel,8,977.28,7818.24
737,16-03-2024,East,Tablet,Electronics,10,1223.54,12235.4
738,06-07-2025,East,Mouse,Electronics,5,199.75,998.75
739,19-07-2025,North,Backpack,Apparel,10,593.49,5934.9
740,03-02-2024,North,Watch,Accessories,10,484.14,4841.4
741,16-05-2025,South,Watch,Accessories,10,165.12,1651.2
742,05-07-2024,South,Printer,Electronics,2,364.61,729.22
743,13-05-2025,South,Keyboard,Electronics,2,1234.28,2468.56
744,31-10-2024,East,Shoes,Apparel,1,405.17,405.17
745,24-07-2024,North,Headphones,Electronics,5,1182.66,5913.3
746,19-09-2023,North,Backpack,Apparel,7,662.95,4640.65
747,27-09-2024,South,Mouse,Electronics,8,1323.84,10590.72
748,12-11-2023,West,Keyboard,Electronics,8,1185.21,9481.68
749,14-01-2024,South,TV,Electronics,8,119.83,958.64
750,28-05-2024,North,Sunglasses,Accessories,1,484.89,484.89
751,16-07-2024,North,Smartphone,Electronics,3,1333.02,3999.06
752,11-02-2025,North,Tablet,Electronics,2,513.55,1027.1
753,22-07-2025,West,TV,Electronics,1,652.67,652.67
754,13-04-2025,South,Shoes,Apparel,7,244.08,1708.56
755,27-02-2024,East,Smartphone,Electronics,4,619.83,2479.32
756,07-06-2025,East,Camera,Electronics,5,453.13,2265.65
757,06-09-2024,North,Smartphone,Electronics,10,829,8290
758,25-09-2023,South,Printer,Electronics,6,15.69,94.14
759,08-06-2025,East,Smartphone,Electronics,10,725.69,7256.9
760,28-02-2024,North,Smartphone,Electronics,3,960.9,2882.7
761,27-11-2023,West,Smartphone,Electronics,5,1179.47,5897.35
762,07-06-2025,West,Printer,Electronics,5,145.79,728.95
763,06-02-2024,West,Camera,Electronics,6,1329.38,7976.28
764,30-10-2024,South,Keyboard,Electronics,1,402.31,402.31
765,19-03-2024,East,Printer,Electronics,5,850.73,4253.65
766,27-10-2023,North,Tablet,Electronics,6,1214.19,7285.14
767,17-02-2025,South,Mouse,Electronics,1,1262.79,1262.79
768,30-01-2025,West,Sunglasses,Accessories,8,863.34,6906.72
769,02-06-2024,West,Headphones,Electronics,2,598.26,1196.52
770,27-12-2024,North,Sunglasses,Accessories,10,1351.68,13516.8
771,02-12-2023,South,Watch,Accessories,8,267.59,2140.72
772,14-02-2024,South,Tablet,Electronics,3,73.59,220.77
773,23-02-2024,West,Smartphone,Electronics,3,1252.82,3758.46
774,08-10-2023,East,Monitor,Electronics,2,588.27,1176.54
775,09-05-2024,East,Mouse,Electronics,9,692.65,6233.85
776,18-07-2025,North,Sunglasses,Accessories,10,885.49,8854.9
777,24-11-2023,West,Watch,Accessories,7,232.97,1630.79
778,17-11-2023,North,TV,Electronics,10,1171.52,11715.2
779,30-01-2025,East,Watch,Accessories,6,1318.06,7908.36
780,01-06-2025,West,Monitor,Electronics,8,862.31,6898.48
781,24-01-2024,North,Printer,Electronics,5,610.43,3052.15
782,09-09-2023,West,TV,Electronics,7,1335.47,9348.29
783,20-09-2023,South,Keyboard,Electronics,8,1382.04,11056.32
784,21-08-2023,East,Charger,Accessories,6,1227.91,7367.46
785,14-05-2024,East,Monitor,Electronics,8,1288.77,10310.16
786,21-03-2024,North,Shoes,Apparel,3,457.72,1373.16
787,24-06-2024,West,Backpack,Apparel,5,1095.91,5479.55
788,09-02-2024,North,TV,Electronics,8,324.97,2599.76
789,09-12-2024,West,Sunglasses,Accessories,9,1302.11,11718.99
790,09-01-2025,North,Sunglasses,Accessories,3,107.77,323.31
791,17-12-2023,West,Backpack,Apparel,9,1320.21,11881.89
792,14-02-2024,South,Laptop,Electronics,4,1257.1,5028.4
793,10-11-2024,North,Headphones,Electronics,1,1377.87,1377.87
794,07-05-2024,South,Backpack,Apparel,6,1237.02,7422.12
795,12-05-2025,West,Camera,Electronics,2,1024.95,2049.9
796,13-12-2024,East,Headphones,Electronics,10,674.69,6746.9
797,23-03-2025,West,Sunglasses,Accessories,9,531.14,4780.26
798,06-07-2025,East,Tablet,Electronics,2,434.75,869.5
799,14-01-2024,North,Mouse,Electronics,10,1171.95,11719.5
800,24-05-2025,South,Headphones,Electronics,4,1019.77,4079.08
801,07-01-2025,West,Monitor,Electronics,1,1298.3,1298.3
802,28-11-2024,North,Watch,Accessories,3,974.58,2923.74
803,17-03-2024,North,TV,Electronics,5,916.43,4582.15
804,07-10-2024,East,Monitor,Electronics,7,1278.86,8952.02
805,11-03-2024,East,Printer,Electronics,8,460.2,3681.6
806,21-03-2025,West,Camera,Electronics,2,20.95,41.9
807,25-02-2025,East,Shoes,Apparel,10,917.48,9174.8
808,06-12-2024,North,Monitor,Electronics,2,511.06,1022.12
809,10-05-2024,East,Monitor,Electronics,5,987.62,4938.1
810,09-02-2024,East,Charger,Accessories,3,780.77,2342.31
811,06-04-2025,North,Headphones,Electronics,7,994.19,6959.33
812,27-08-2023,South,Shoes,Apparel,8,1496.23,11969.84
813,18-09-2024,West,Monitor,Electronics,7,1107.73,7754.11
814,17-07-2024,South,TV,Electronics,4,1032.61,4130.44
815,18-06-2025,West,Shoes,Apparel,6,765.9,4595.4
816,04-06-2025,South,Sunglasses,Accessories,9,279.89,2519.01
817,10-12-2023,West,Smartphone,Electronics,5,1090.53,5452.65
818,27-06-2025,South,Camera,Electronics,6,985.11,5910.66
819,16-03-2024,East,Headphones,Electronics,5,636.5,3182.5
820,15-08-2024,East,Charger,Accessories,5,882.5,4412.5
821,24-11-2024,North,Printer,Electronics,1,1300.93,1300.93
822,26-11-2024,North,TV,Electronics,4,755.71,3022.84
823,24-01-2025,West,Sunglasses,Accessories,5,625.53,3127.65
824,19-12-2023,South,Sunglasses,Accessories,4,520.58,2082.32
825,25-12-2023,West,TV,Electronics,6,1294.97,7769.82
826,12-12-2024,North,Tablet,Electronics,6,950.24,5701.44
827,11-05-2025,East,Tablet,Electronics,1,17.02,17.02
828,20-01-2024,South,Monitor,Electronics,10,1149.08,11490.8
829,11-12-2023,North,Printer,Electronics,10,656.23,6562.3
830,13-10-2024,West,Mouse,Electronics,8,581.14,4649.12
831,17-08-2024,South,Laptop,Electronics,1,1339.09,1339.09
832,19-08-2023,South,Watch,Accessories,1,943.76,943.76
833,11-07-2025,South,Headphones,Electronics,6,475.02,2850.12
834,28-12-2024,West,Smartphone,Electronics,10,466.11,4661.1
835,01-06-2024,North,Smartphone,Electronics,5,689.33,3446.65
836,18-10-2024,East,Camera,Electronics,3,520.67,1562.01
837,02-08-2024,West,Charger,Accessories,4,255.68,1022.72
838,20-08-2023,West,Charger,Accessories,4,344.24,1376.96
839,23-08-2023,South,Tablet,Electronics,10,761.9,7619
840,29-07-2025,East,Smartphone,Electronics,1,569.04,569.04
841,29-01-2025,East,Shoes,Apparel,10,82.39,823.9
842,31-05-2025,North,Laptop,Electronics,1,81.87,81.87
843,28-10-2024,West,Smartphone,Electronics,7,194.16,1359.12
844,19-07-2025,West,Monitor,Electronics,3,316.19,948.57
845,04-06-2024,North,Shoes,Apparel,7,995.88,6971.16
846,29-04-2025,East,Shoes,Apparel,10,1054.08,10540.8
847,05-01-2025,North,Mouse,Electronics,10,185.42,1854.2
848,22-12-2024,North,Smartphone,Electronics,4,917.41,3669.64
849,17-01-2025,East,Watch,Accessories,4,543.3,2173.2
850,12-01-2024,East,Mouse,Electronics,1,826.73,826.73
851,05-07-2025,South,Charger,Accessories,8,502.6,4020.8
852,18-06-2025,North,Laptop,Electronics,2,1361.25,2722.5
853,31-12-2023,West,Sunglasses,Accessories,2,1171.49,2342.98
854,19-04-2024,North,Smartphone,Electronics,4,690.56,2762.24
855,18-11-2024,East,Monitor,Electronics,1,158.72,158.72
856,24-05-2024,North,Tablet,Electronics,6,1204.38,7226.28
857,27-11-2023,West,Keyboard,Electronics,2,1278.36,2556.72
858,10-08-2023,North,Charger,Accessories,3,998.4,2995.2
859,01-08-2024,East,Tablet,Electronics,8,1433.08,11464.64
860,16-08-2024,North,Monitor,Electronics,6,282.48,1694.88
861,10-11-2024,West,Mouse,Electronics,5,1255.21,6276.05
862,05-10-2024,West,Backpack,Apparel,3,178.45,535.35
863,11-01-2024,North,Backpack,Apparel,2,629.88,1259.76
864,05-03-2025,West,TV,Electronics,8,280.08,2240.64
865,18-04-2025,East,Mouse,Electronics,1,1295.24,1295.24
866,07-12-2024,South,Charger,Accessories,8,178.28,1426.24
867,17-09-2023,West,Mouse,Electronics,2,399.8,799.6
868,22-07-2025,North,Keyboard,Electronics,9,1153.62,10382.58
869,16-06-2025,South,TV,Electronics,6,783.46,4700.76
870,17-10-2024,North,Backpack,Apparel,4,728.08,2912.32
871,31-12-2023,West,Shoes,Apparel,9,1339.17,12052.53
872,12-08-2023,North,TV,Electronics,3,763.3,2289.9
873,17-01-2024,West,Printer,Electronics,2,1129.63,2259.26
874,04-07-2024,South,Keyboard,Electronics,5,85.02,425.1
875,16-09-2024,West,Headphones,Electronics,4,127.46,509.84
876,30-10-2023,West,Printer,Electronics,8,676.13,5409.04
877,31-05-2025,West,Smartphone,Electronics,1,162.94,162.94
878,21-02-2025,North,Mouse,Electronics,9,10.25,92.25
879,02-01-2025,East,Smartphone,Electronics,9,318.21,2863.89
880,15-07-2024,West,Shoes,Apparel,6,1239.71,7438.26
881,08-11-2024,South,Sunglasses,Accessories,6,844.62,5067.72
882,03-06-2025,West,TV,Electronics,6,1076.71,6460.26
883,05-06-2025,North,Smartphone,Electronics,4,13.27,53.08
884,11-02-2025,East,Keyboard,Electronics,9,567.1,5103.9
885,16-01-2024,North,Smartphone,Electronics,8,219.27,1754.16
886,18-11-2023,West,Backpack,Apparel,5,920.17,4600.85
887,06-09-2024,North,Headphones,Electronics,4,691,2764
888,12-07-2024,South,Watch,Accessories,2,1138.15,2276.3
889,04-11-2024,North,Laptop,Electronics,8,991.1,7928.8
890,23-12-2024,South,Camera,Electronics,1,800.24,800.24
891,22-03-2025,West,Laptop,Electronics,8,1387.31,11098.48
892,09-07-2025,South,Watch,Accessories,10,268.74,2687.4
893,15-11-2023,South,Sunglasses,Accessories,7,989.71,6927.97
894,29-12-2024,East,TV,Electronics,7,633.81,4436.67
895,07-05-2024,South,TV,Electronics,7,1445.75,10120.25
896,15-12-2023,West,Monitor,Electronics,3,624.99,1874.97
897,19-07-2025,East,Backpack,Apparel,9,1292.45,11632.05
898,22-02-2024,South,Backpack,Apparel,4,940.01,3760.04
899,19-06-2025,East,Monitor,Electronics,3,1472.19,4416.57
900,28-12-2024,South,Shoes,Apparel,9,1044.52,9400.68
901,26-07-2024,North,Keyboard,Electronics,9,725.75,6531.75
902,21-06-2025,West,TV,Electronics,9,436.03,3924.27
903,14-08-2023,West,Sunglasses,Accessories,9,168.64,1517.76
904,24-09-2023,South,Mouse,Electronics,1,307.85,307.85
905,20-05-2024,South,Watch,Accessories,5,228.18,1140.9
906,25-02-2024,East,Laptop,Electronics,9,58.14,523.26
907,13-11-2023,West,Sunglasses,Accessories,10,1303.37,13033.7
908,24-05-2025,South,Backpack,Apparel,9,589.44,5304.96
909,10-07-2025,East,Camera,Electronics,1,1390.46,1390.46
910,02-07-2025,West,Mouse,Electronics,6,1449.09,8694.54
911,14-04-2024,North,Laptop,Electronics,4,934.64,3738.56
912,18-03-2024,West,Watch,Accessories,6,1135.11,6810.66
913,15-02-2024,South,Camera,Electronics,5,678.73,3393.65
914,08-02-2024,North,Shoes,Apparel,3,1105.27,3315.81
915,11-09-2023,West,Smartphone,Electronics,7,425.88,2981.16
916,12-01-2024,South,Monitor,Electronics,10,1270.56,12705.6
917,20-11-2024,East,Laptop,Electronics,3,69.51,208.53
918,03-04-2025,East,Charger,Accessories,1,1162.75,1162.75
919,15-12-2024,East,Shoes,Apparel,10,829.74,8297.4
920,20-01-2025,East,Smartphone,Electronics,4,1435.91,5743.64
921,30-12-2024,North,Camera,Electronics,3,629.74,1889.22
922,03-11-2023,West,Camera,Electronics,6,339.59,2037.54
923,05-07-2024,East,Headphones,Electronics,6,447.43,2684.58
924,25-02-2025,West,Watch,Accessories,1,180.94,180.94
925,03-04-2024,West,Keyboard,Electronics,10,1378.72,13787.2
926,29-06-2025,North,Headphones,Electronics,6,578.25,3469.5
927,30-08-2024,North,Watch,Accessories,5,814.95,4074.75
928,11-01-2025,North,Monitor,Electronics,6,776.32,4657.92
929,11-12-2024,West,Camera,Electronics,1,451.69,451.69
930,24-06-2024,South,Shoes,Apparel,9,132.69,1194.21
931,01-02-2025,South,Smartphone,Electronics,9,20.92,188.28
932,17-06-2025,South,Smartphone,Electronics,4,1298.78,5195.12
933,27-02-2024,North,Mouse,Electronics,9,1244.84,11203.56
934,24-05-2025,West,Charger,Accessories,2,1122.87,2245.74
935,13-11-2024,North,Tablet,Electronics,6,66.45,398.7
936,30-01-2024,North,Smartphone,Electronics,5,841.55,4207.75
937,21-04-2024,South,TV,Electronics,7,588.17,4117.19
938,17-10-2024,West,Shoes,Apparel,6,35.17,211.02
939,29-01-2025,North,Shoes,Apparel,1,965.72,965.72
940,22-03-2025,North,TV,Electronics,1,1054.31,1054.31
941,27-12-2024,East,Smartphone,Electronics,2,441.86,883.72
942,13-04-2025,East,Shoes,Apparel,2,429.46,858.92
943,25-08-2024,West,Charger,Accessories,7,1234.96,8644.72
944,08-01-2024,West,Laptop,Electronics,9,337.6,3038.4
945,09-02-2025,West,Backpack,Apparel,5,1440.6,7203
946,24-06-2025,East,Tablet,Electronics,6,1436.51,8619.06
947,05-12-2023,South,Laptop,Electronics,1,17.49,17.49
948,01-02-2025,West,TV,Electronics,9,1421,12789
949,18-07-2024,South,Monitor,Electronics,4,624.86,2499.44
950,12-01-2024,South,Shoes,Apparel,3,338.97,1016.91
951,15-02-2024,East,Sunglasses,Accessories,2,280.22,560.44
952,13-02-2025,North,Watch,Accessories,8,970.57,7764.56
953,18-06-2025,East,Smartphone,Electronics,2,383.52,767.04
954,04-07-2024,West,Headphones,Electronics,6,201.04,1206.24
955,11-11-2023,South,Shoes,Apparel,5,933.08,4665.4
956,21-06-2024,South,Charger,Accessories,8,681.46,5451.68
957,11-07-2025,East,TV,Electronics,10,237.07,2370.7
958,19-06-2024,East,TV,Electronics,7,261.27,1828.89
959,14-03-2024,South,Keyboard,Electronics,7,422.25,2955.75
960,26-06-2025,South,Keyboard,Electronics,6,1318.05,7908.3
961,02-08-2024,West,Printer,Electronics,5,735.59,3677.95
962,23-05-2025,South,Smartphone,Electronics,10,132.14,1321.4
963,02-02-2025,South,Monitor,Electronics,4,402.22,1608.88
964,17-10-2023,North,Charger,Accessories,1,1275.89,1275.89
965,18-03-2025,North,Shoes,Apparel,10,613.65,6136.5
966,07-09-2023,South,TV,Electronics,9,398.32,3584.88
967,31-05-2025,West,Charger,Accessories,3,555.07,1665.21
968,16-12-2023,East,Headphones,Electronics,8,756.67,6053.36
969,07-08-2024,West,Smartphone,Electronics,9,25.78,232.02
970,08-01-2025,South,Headphones,Electronics,3,674.87,2024.61
971,08-12-2024,South,Tablet,Electronics,6,70.23,421.38
972,25-03-2024,West,Watch,Accessories,2,403.89,807.78
973,15-06-2025,North,Headphones,Electronics,4,781.65,3126.6
974,01-09-2024,East,Watch,Accessories,8,1377.67,11021.36
975,10-09-2023,North,Charger,Accessories,6,163.81,982.86
976,26-04-2024,East,Camera,Electronics,10,821.08,8210.8
977,31-05-2025,West,Tablet,Electronics,7,554.29,3880.03
978,11-01-2025,North,Shoes,Apparel,5,570.73,2853.65
979,10-01-2025,South,Charger,Accessories,7,535.82,3750.74
980,11-12-2024,East,Sunglasses,Accessories,8,1331.89,10655.12
981,24-10-2024,South,Laptop,Electronics,3,352.69,1058.07
982,04-03-2024,East,Camera,Electronics,3,288.49,865.47
983,07-06-2025,North,Keyboard,Electronics,4,627.77,2511.08
984,06-12-2024,North,Keyboard,Electronics,8,723.74,5789.92
985,24-05-2025,South,TV,Electronics,7,43.44,304.08
986,10-03-2025,South,Laptop,Electronics,10,250.08,2500.8
987,09-03-2025,North,Shoes,Apparel,3,93.31,279.93
988,11-01-2025,South,Monitor,Electronics,7,903.04,6321.28
989,08-06-2025,North,TV,Electronics,5,1421.41,7107.05
990,13-04-2025,West,Headphones,Electronics,8,1302.28,10418.24
991,24-09-2024,South,Tablet,Electronics,10,222.64,2226.4
992,30-04-2025,South,TV,Electronics,9,404.14,3637.26
993,07-11-2024,East,Backpack,Apparel,10,889.99,8899.9
994,29-08-2024,West,Headphones,Electronics,3,171.77,515.31
995,01-01-2024,West,Headphones,Electronics,10,153.48,1534.8
996,26-01-2025,North,Printer,Electronics,9,1131.05,10179.45
997,06-06-2025,West,Smartphone,Electronics,3,1353.96,4061.88
998,25-06-2025,North,Camera,Electronics,7,787.85,5514.95
999,15-07-2025,North,Keyboard,Electronics,9,649.14,5842.26
1000,25-08-2024,West,Watch,Accessories,6,887.68,5326.08
1001,09-10-2024,North,Backpack,Apparel,3,389.23,1167.69
1002,25-10-2023,South,Watch,Accessories,5,901.46,4507.3
1003,20-04-2024,West,Camera,Electronics,4,18.15,72.6
1004,14-03-2025,North,Backpack,Apparel,9,185.56,1670.04
1005,01-06-2025,West,Laptop,Electronics,4,1034.77,4139.08
1006,05-08-2024,West,Keyboard,Electronics,2,240.62,481.24
1007,24-04-2024,East,Shoes,Apparel,9,641.11,5769.99
1008,27-06-2025,East,Keyboard,Electronics,7,1134.91,7944.37
1009,31-01-2024,West,Mouse,Electronics,6,843.05,5058.3
1010,10-06-2024,East,Printer,Electronics,10,523.09,5230.9
1011,20-12-2023,West,Backpack,Apparel,2,1124.24,2248.48
1012,11-11-2023,South,Printer,Electronics,4,767.43,3069.72
1013,14-02-2025,East,Watch,Accessories,10,1048.62,10486.2
1014,12-01-2024,North,Backpack,Apparel,7,1447.21,10130.47
1015,27-12-2023,North,Laptop,Electronics,8,1389.53,11116.24
1016,05-10-2023,North,Mouse,Electronics,5,340.44,1702.2
1017,28-08-2024,North,Smartphone,Electronics,7,924.81,6473.67
1018,29-07-2025,East,Camera,Electronics,10,95.62,956.2
1019,17-05-2025,South,Watch,Accessories,8,664.07,5312.56
1020,16-02-2024,East,Headphones,Electronics,1,1178.1,1178.1
1021,21-04-2025,South,Camera,Electronics,3,1014.3,3042.9
1022,01-06-2025,South,Keyboard,Electronics,1,1463.71,1463.71
1023,13-09-2024,East,Smartphone,Electronics,6,1007.8,6046.8
1024,12-01-2025,South,Mouse,Electronics,1,1108.02,1108.02
1025,13-02-2025,North,Smartphone,Electronics,5,1091.95,5459.75
1026,21-07-2024,East,Camera,Electronics,5,347.18,1735.9
1027,17-09-2024,West,Headphones,Electronics,10,16.93,169.3
1028,31-12-2024,West,Tablet,Electronics,2,842.36,1684.72
1029,14-07-2024,East,Camera,Electronics,2,1206.38,2412.76
1030,11-07-2025,East,Monitor,Electronics,8,1449.42,11595.36
1031,06-04-2024,West,TV,Electronics,6,1442.25,8653.5
1032,23-03-2025,West,Printer,Electronics,1,728.14,728.14
1033,26-08-2024,North,Monitor,Electronics,4,1018.6,4074.4
1034,26-09-2024,East,Headphones,Electronics,6,779.59,4677.54
1035,11-04-2024,East,Laptop,Electronics,5,148.58,742.9
1036,17-10-2023,East,Shoes,Apparel,9,1397.78,12580.02
1037,28-07-2024,East,Printer,Electronics,4,1342.53,5370.12
1038,30-06-2025,South,Monitor,Electronics,4,753.51,3014.04
1039,04-04-2024,South,Headphones,Electronics,5,318.1,1590.5
1040,25-04-2025,South,Headphones,Electronics,6,242.43,1454.58
1041,20-10-2023,North,Smartphone,Electronics,8,924.6,7396.8
1042,06-12-2024,North,Watch,Accessories,6,934.79,5608.74
1043,15-12-2024,East,Printer,Electronics,3,1476.75,4430.25
1044,11-09-2024,East,Charger,Accessories,4,1127.75,4511
1045,20-01-2025,North,Tablet,Electronics,7,722.7,5058.9
1046,27-12-2024,North,Camera,Electronics,6,596.64,3579.84
1047,11-11-2024,South,Shoes,Apparel,2,1050.38,2100.76
1048,06-07-2025,East,Printer,Electronics,1,27.61,27.61
1049,17-03-2025,West,Headphones,Electronics,2,494.9,989.8
1050,08-02-2024,East,TV,Electronics,9,401.65,3614.85
1051,19-04-2025,West,Monitor,Electronics,6,555.23,3331.38
1052,03-03-2024,West,Printer,Electronics,7,1054.06,7378.42
1053,14-09-2024,East,Keyboard,Electronics,5,681.59,3407.95
1054,12-03-2025,South,TV,Electronics,4,1223.14,4892.56
1055,29-03-2024,East,Backpack,Apparel,9,654.01,5886.09
1056,28-12-2023,South,Mouse,Electronics,3,714.75,2144.25
1057,05-10-2024,South,Laptop,Electronics,8,210.36,1682.88
1058,11-12-2024,East,Charger,Accessories,5,383.95,1919.75
1059,11-09-2024,North,Sunglasses,Accessories,2,1038.91,2077.82
1060,17-04-2024,South,Laptop,Electronics,8,1260.07,10080.56
1061,08-07-2024,West,Smartphone,Electronics,5,547.83,2739.15
1062,18-07-2024,East,Camera,Electronics,1,623.52,623.52
1063,13-03-2025,South,Keyboard,Electronics,10,978.3,9783
1064,18-05-2024,South,Camera,Electronics,6,494.38,2966.28
1065,31-10-2024,West,Camera,Electronics,2,577.8,1155.6
1066,08-05-2025,West,Monitor,Electronics,3,1303.7,3911.1
1067,05-10-2024,East,Shoes,Apparel,10,861.74,8617.4
1068,21-10-2023,North,Sunglasses,Accessories,3,522,1566
1069,30-05-2025,East,Keyboard,Electronics,5,1068.55,5342.75
1070,04-05-2024,West,TV,Electronics,8,1173.65,9389.2
1071,27-09-2024,West,Keyboard,Electronics,3,283.99,851.97
1072,28-03-2024,South,Laptop,Electronics,5,1411.25,7056.25
1073,03-03-2024,North,Backpack,Apparel,3,601.6,1804.8
1074,27-11-2024,North,Smartphone,Electronics,9,90.2,811.8
1075,18-01-2025,West,Watch,Accessories,2,164.85,329.7
1076,26-10-2023,South,TV,Electronics,7,470.96,3296.72
1077,27-10-2024,East,Headphones,Electronics,3,205.6,616.8
1078,30-08-2023,South,Sunglasses,Accessories,1,998.69,998.69
1079,30-11-2024,East,Sunglasses,Accessories,8,1462.72,11701.76
1080,12-02-2025,East,Camera,Electronics,8,211.32,1690.56
1081,28-03-2025,South,Backpack,Apparel,10,690.25,6902.5
1082,18-01-2025,West,Backpack,Apparel,9,471.4,4242.6
1083,03-02-2025,West,Keyboard,Electronics,4,1209.01,4836.04
1084,09-08-2024,East,Printer,Electronics,7,397.11,2779.77
1085,01-08-2023,North,Monitor,Electronics,9,1224.92,11024.28
1086,18-07-2024,South,Sunglasses,Accessories,5,709.1,3545.5
1087,01-12-2024,West,Laptop,Electronics,5,23.61,118.05
1088,03-04-2025,East,Mouse,Electronics,4,1197.18,4788.72
1089,10-02-2024,East,Camera,Electronics,7,1324.42,9270.94
1090,12-04-2024,West,Mouse,Electronics,3,1075.26,3225.78
1091,22-08-2024,West,Shoes,Apparel,4,401.84,1607.36
1092,11-01-2025,South,Mouse,Electronics,10,1213.29,12132.9
1093,18-05-2024,East,Shoes,Apparel,9,1215.12,10936.08
1094,10-10-2023,South,Mouse,Electronics,3,213.57,640.71
1095,24-04-2025,West,Smartphone,Electronics,8,415.48,3323.84
1096,09-02-2024,West,TV,Electronics,6,38.9,233.4
1097,07-02-2024,North,Laptop,Electronics,2,430.35,860.7
1098,09-08-2023,West,Tablet,Electronics,4,144.39,577.56
1099,10-03-2024,West,Laptop,Electronics,6,636.16,3816.96
1100,15-08-2024,West,Watch,Accessories,8,1048.43,8387.44
1101,22-10-2023,East,Laptop,Electronics,3,93.5,280.5
1102,13-10-2023,West,Watch,Accessories,9,710.52,6394.68
1103,25-08-2024,East,Headphones,Electronics,1,191.72,191.72
1104,29-08-2024,South,Watch,Accessories,8,378.27,3026.16
1105,14-11-2024,South,Laptop,Electronics,2,786.5,1573
1106,02-09-2024,West,Headphones,Electronics,5,1404.96,7024.8
1107,13-02-2025,North,Tablet,Electronics,9,191.99,1727.91
1108,20-02-2024,East,Printer,Electronics,6,1332.4,7994.4
1109,24-11-2023,South,Sunglasses,Accessories,4,953.03,3812.12
1110,19-01-2024,North,Keyboard,Electronics,5,881.2,4406
1111,10-08-2023,South,Mouse,Electronics,1,875.8,875.8
1112,05-07-2025,West,Backpack,Apparel,10,240.94,2409.4
1113,11-04-2024,North,Watch,Accessories,3,754.88,2264.64
1114,02-05-2025,East,Shoes,Apparel,1,99.06,99.06
1115,19-07-2025,South,Shoes,Apparel,9,1189.28,10703.52
1116,26-03-2024,West,Tablet,Electronics,6,1472.7,8836.2
1117,23-10-2024,East,Watch,Accessories,4,41.82,167.28
1118,16-12-2023,East,Mouse,Electronics,5,1349.01,6745.05
1119,23-02-2025,West,Printer,Electronics,5,818.67,4093.35
1120,03-03-2025,South,Printer,Electronics,3,819.99,2459.97
1121,08-05-2024,West,Keyboard,Electronics,10,1372.57,13725.7
1122,10-10-2023,South,Camera,Electronics,9,240.99,2168.91
1123,05-02-2025,East,Monitor,Electronics,6,686.58,4119.48
1124,06-02-2024,West,Watch,Accessories,1,933.4,933.4
1125,24-06-2024,South,Keyboard,Electronics,2,990.85,1981.7
1126,11-02-2024,West,Camera,Electronics,9,1028,9252
1127,19-04-2025,South,Watch,Accessories,5,490.67,2453.35
1128,22-11-2023,East,Shoes,Apparel,2,789.57,1579.14
1129,11-12-2023,North,Smartphone,Electronics,3,1311.5,3934.5
1130,10-12-2024,North,Headphones,Electronics,4,157.14,628.56
1131,04-06-2025,West,TV,Electronics,8,793.47,6347.76
1132,20-09-2023,East,Backpack,Apparel,6,338.88,2033.28
1133,14-08-2023,North,Backpack,Apparel,4,987.07,3948.28
1134,22-11-2024,North,Charger,Accessories,1,547.78,547.78
1135,12-08-2024,West,Backpack,Apparel,1,1237.23,1237.23
1136,12-10-2023,North,Monitor,Electronics,5,126.12,630.6
1137,12-11-2023,North,Headphones,Electronics,4,802.17,3208.68
1138,20-01-2025,South,Headphones,Electronics,4,859.34,3437.36
1139,17-11-2023,West,Tablet,Electronics,10,543.37,5433.7
1140,15-11-2023,West,Printer,Electronics,3,1190.77,3572.31
1141,29-12-2024,West,Camera,Electronics,6,989.72,5938.32
1142,26-07-2024,West,Camera,Electronics,6,829.62,4977.72
1143,26-09-2024,East,Keyboard,Electronics,7,1240.97,8686.79
1144,27-02-2025,South,Keyboard,Electronics,9,328.75,2958.75
1145,03-08-2024,East,Watch,Accessories,8,676.77,5414.16
1146,05-09-2023,North,Mouse,Electronics,5,897.69,4488.45
1147,05-06-2024,South,Camera,Electronics,1,457.5,457.5
1148,18-06-2024,South,Headphones,Electronics,1,1159.57,1159.57
1149,17-02-2025,East,Backpack,Apparel,9,838.92,7550.28
1150,05-11-2023,South,Charger,Accessories,1,695.95,695.95
1151,28-04-2024,South,Tablet,Electronics,6,1335.54,8013.24
1152,19-04-2024,South,Headphones,Electronics,5,146.94,734.7
1153,19-10-2023,South,Mouse,Electronics,6,1191.43,7148.58
1154,07-07-2025,West,Tablet,Electronics,10,1231.08,12310.8
1155,08-09-2023,East,Smartphone,Electronics,10,578.5,5785
1156,08-07-2024,North,Watch,Accessories,6,1320.89,7925.34
1157,02-12-2023,West,Mouse,Electronics,4,1124.04,4496.16
1158,11-05-2025,North,Sunglasses,Accessories,7,90.65,634.55
1159,22-06-2024,North,Camera,Electronics,9,851.72,7665.48
1160,04-01-2024,South,Keyboard,Electronics,1,1013.72,1013.72
1161,01-04-2025,West,Mouse,Electronics,10,762.05,7620.5
1162,23-05-2024,West,Headphones,Electronics,7,230.54,1613.78
1163,30-11-2024,North,Keyboard,Electronics,10,1120.52,11205.2
1164,25-04-2024,West,Camera,Electronics,2,603.81,1207.62
1165,17-12-2023,South,Mouse,Electronics,8,843.35,6746.8
1166,29-05-2025,West,Printer,Electronics,10,302.19,3021.9
1167,05-04-2024,South,TV,Electronics,2,406.72,813.44
1168,02-07-2025,East,Mouse,Electronics,10,143.5,1435
1169,07-10-2024,West,Shoes,Apparel,6,528.98,3173.88
1170,31-03-2025,East,Keyboard,Electronics,1,1156.83,1156.83
1171,23-04-2025,East,Tablet,Electronics,8,938.54,7508.32
1172,27-03-2024,North,Printer,Electronics,4,1031.19,4124.76
1173,24-11-2023,North,Tablet,Electronics,1,372.14,372.14
1174,21-05-2024,South,TV,Electronics,1,521.47,521.47
1175,08-06-2024,North,Watch,Accessories,8,712.07,5696.56
1176,01-02-2025,South,Keyboard,Electronics,4,313.66,1254.64
1177,12-02-2025,East,Camera,Electronics,8,938.33,7506.64
1178,20-08-2024,North,Tablet,Electronics,10,1360,13600
1179,18-04-2024,North,Camera,Electronics,3,99.56,298.68
1180,24-09-2023,East,Headphones,Electronics,8,985.59,7884.72
1181,01-09-2024,North,Laptop,Electronics,5,997.84,4989.2
1182,19-11-2023,East,Charger,Accessories,1,445.82,445.82
1183,24-03-2024,West,Charger,Accessories,7,767.73,5374.11
1184,19-06-2024,North,Backpack,Apparel,8,1301.49,10411.92
1185,07-02-2024,North,Camera,Electronics,4,755.97,3023.88
1186,10-09-2023,North,Printer,Electronics,4,1384.18,5536.72
1187,14-12-2024,East,Monitor,Electronics,7,1119.14,7833.98
1188,01-07-2025,East,Laptop,Electronics,6,539.51,3237.06
1189,26-12-2024,South,Monitor,Electronics,5,1219.72,6098.6
1190,31-08-2024,East,Shoes,Apparel,1,1416.76,1416.76
1191,03-01-2024,South,Monitor,Electronics,6,1346.79,8080.74
1192,29-10-2023,South,Shoes,Apparel,7,785.87,5501.09
1193,01-10-2024,South,Shoes,Apparel,4,863.62,3454.48
1194,11-04-2025,East,Mouse,Electronics,6,679.26,4075.56
1195,30-05-2025,South,Tablet,Electronics,3,875.74,2627.22
1196,20-12-2023,South,Shoes,Apparel,5,1035.91,5179.55
1197,14-10-2024,South,Charger,Accessories,3,987.79,2963.37
1198,21-06-2024,South,TV,Electronics,2,840.44,1680.88
1199,05-02-2024,North,Backpack,Apparel,6,1260.89,7565.34
1200,22-06-2024,North,Tablet,Electronics,7,1442.18,10095.26
1201,14-05-2025,West,Monitor,Electronics,5,236.42,1182.1
1202,13-12-2023,North,Headphones,Electronics,3,49.04,147.12
1203,12-04-2025,East,TV,Electronics,10,922.42,9224.2
1204,24-03-2024,South,TV,Electronics,1,545.3,545.3
1205,16-12-2023,West,Backpack,Apparel,9,1270.75,11436.75
1206,05-02-2024,East,Printer,Electronics,7,742.25,5195.75
1207,14-02-2024,South,Tablet,Electronics,4,58.02,232.08
1208,03-05-2024,North,Watch,Accessories,7,341.61,2391.27
1209,26-02-2024,South,Shoes,Apparel,2,273.85,547.7
1210,05-07-2025,West,Printer,Electronics,6,1301.49,7808.94
1211,11-10-2024,South,Charger,Accessories,7,1166.56,8165.92
1212,16-06-2024,West,TV,Electronics,7,921.14,6447.98
1213,15-01-2025,North,Backpack,Apparel,2,682.9,1365.8
1214,08-04-2024,North,Sunglasses,Accessories,9,811.43,7302.87
1215,22-02-2025,North,Backpack,Apparel,7,779.03,5453.21
1216,11-02-2024,North,Shoes,Apparel,5,664.94,3324.7
1217,19-05-2024,East,Charger,Accessories,8,258.07,2064.56
1218,07-07-2025,North,Monitor,Electronics,9,1356.48,12208.32
1219,01-11-2023,West,Printer,Electronics,9,178.63,1607.67
1220,06-09-2024,South,Watch,Accessories,7,491.96,3443.72
1221,07-11-2024,South,Laptop,Electronics,10,1345.96,13459.6
1222,08-11-2024,South,Charger,Accessories,2,382.62,765.24
1223,05-12-2023,South,Backpack,Apparel,2,180.11,360.22
1224,27-10-2023,East,Printer,Electronics,9,1063.85,9574.65
1225,22-08-2024,South,Backpack,Apparel,9,577.1,5193.9
1226,09-07-2024,South,Watch,Accessories,10,1308.25,13082.5
1227,14-01-2024,South,Sunglasses,Accessories,3,276.51,829.53
1228,03-10-2024,North,Backpack,Apparel,5,471.18,2355.9
1229,22-05-2024,West,Watch,Accessories,3,185.16,555.48
1230,04-08-2023,South,Tablet,Electronics,10,1150.44,11504.4
1231,22-12-2024,West,Laptop,Electronics,8,819.82,6558.56
1232,31-03-2024,West,Laptop,Electronics,4,887.4,3549.6
1233,23-09-2024,West,Printer,Electronics,8,128.31,1026.48
1234,07-04-2024,North,TV,Electronics,9,424.39,3819.51
1235,20-09-2023,South,Shoes,Apparel,3,230.9,692.7
1236,07-09-2023,East,Shoes,Apparel,3,1282.21,3846.63
1237,05-07-2024,East,Shoes,Apparel,2,83.06,166.12
1238,13-01-2024,South,Mouse,Electronics,5,920.52,4602.6
1239,09-11-2024,South,Backpack,Apparel,10,546.68,5466.8
1240,02-06-2024,North,Laptop,Electronics,6,559.17,3355.02
1241,11-10-2024,North,Mouse,Electronics,9,106.74,960.66
1242,03-12-2023,South,Printer,Electronics,5,500.52,2502.6
1243,13-07-2025,South,Mouse,Electronics,4,921.96,3687.84
1244,08-12-2024,North,Smartphone,Electronics,10,1401.5,14015
1245,11-10-2024,East,Backpack,Apparel,10,1273.22,12732.2
1246,11-12-2023,East,Monitor,Electronics,10,848.33,8483.3
1247,17-12-2024,West,Camera,Electronics,3,1326.66,3979.98
1248,15-02-2024,East,Headphones,Electronics,1,186.13,186.13
1249,29-02-2024,North,Printer,Electronics,10,1498.49,14984.9
1250,07-07-2024,North,Mouse,Electronics,6,845.02,5070.12
1251,12-08-2023,South,Shoes,Apparel,4,1038.13,4152.52
1252,11-06-2024,North,Monitor,Electronics,5,764.97,3824.85
1253,25-11-2023,North,Keyboard,Electronics,6,518.63,3111.78
1254,27-01-2024,North,Backpack,Apparel,4,502.47,2009.88
1255,28-11-2024,West,Keyboard,Electronics,1,972.02,972.02
1256,04-05-2025,South,Printer,Electronics,8,1339.17,10713.36
1257,16-11-2024,East,Camera,Electronics,7,1392.41,9746.87
1258,01-03-2025,East,Laptop,Electronics,6,837.21,5023.26
1259,14-03-2025,South,Laptop,Electronics,6,1201.31,7207.86
1260,07-10-2023,East,Charger,Accessories,3,427.89,1283.67
1261,19-08-2024,East,Laptop,Electronics,9,1265.18,11386.62
1262,08-02-2024,West,TV,Electronics,10,184.1,1841
1263,23-07-2025,East,Watch,Accessories,6,1067.66,6405.96
1264,28-10-2023,West,Monitor,Electronics,8,1316.8,10534.4
1265,05-06-2024,West,Keyboard,Electronics,4,792.4,3169.6
1266,18-08-2024,North,Tablet,Electronics,1,1168.91,1168.91
1267,28-10-2024,North,Charger,Accessories,9,47.15,424.35
1268,11-02-2024,South,Printer,Electronics,6,1386.22,8317.32
1269,01-07-2024,East,Backpack,Apparel,3,1156.53,3469.59
1270,27-02-2024,South,Smartphone,Electronics,1,694.46,694.46
1271,05-08-2023,North,Backpack,Apparel,5,1399.18,6995.9
1272,07-07-2024,North,Shoes,Apparel,8,1334.89,10679.12
1273,24-08-2023,East,Smartphone,Electronics,10,1140.16,11401.6
1274,24-06-2024,South,Shoes,Apparel,4,296.89,1187.56
1275,25-10-2024,East,Monitor,Electronics,2,416.25,832.5
1276,26-11-2023,East,Tablet,Electronics,1,1437.86,1437.86
1277,28-02-2024,North,Camera,Electronics,9,531.97,4787.73
1278,23-12-2023,East,Keyboard,Electronics,5,865.38,4326.9
1279,14-06-2024,North,Tablet,Electronics,10,1339.44,13394.4
1280,21-09-2023,West,Camera,Electronics,3,53.2,159.6
1281,17-11-2023,North,Charger,Accessories,7,90.16,631.12
1282,31-01-2024,West,Mouse,Electronics,10,1338,13380
1283,23-04-2025,West,Shoes,Apparel,6,475.54,2853.24
1284,31-07-2025,South,Sunglasses,Accessories,9,127.03,1143.27
1285,04-03-2025,West,Charger,Accessories,3,148.45,445.35
1286,08-11-2023,West,Watch,Accessories,8,472.48,3779.84
1287,24-11-2024,West,Shoes,Apparel,4,1421.7,5686.8
1288,07-08-2024,East,Tablet,Electronics,7,283.2,1982.4
1289,28-06-2024,East,Charger,Accessories,8,736.39,5891.12
1290,24-11-2023,West,Smartphone,Electronics,6,723.19,4339.14
1291,16-05-2024,South,Sunglasses,Accessories,6,910.62,5463.72
1292,19-09-2024,North,Tablet,Electronics,2,495.55,991.1
1293,05-06-2024,North,Shoes,Apparel,9,696.85,6271.65
1294,01-04-2024,West,TV,Electronics,10,373.1,3731
1295,28-08-2024,West,Tablet,Electronics,2,517.66,1035.32
1296,19-10-2024,West,Sunglasses,Accessories,10,1183.12,11831.2
1297,25-01-2024,South,Camera,Electronics,2,1111.66,2223.32
1298,26-11-2023,West,Backpack,Apparel,10,898.15,8981.5
1299,29-10-2024,North,Keyboard,Electronics,3,468.97,1406.91
1300,04-04-2025,North,Mouse,Electronics,2,1031.41,2062.82
1301,01-07-2024,West,TV,Electronics,8,971.03,7768.24
1302,10-03-2024,North,Laptop,Electronics,3,1332.02,3996.06
1303,29-12-2023,North,Charger,Accessories,3,684.93,2054.79
1304,22-04-2025,West,Monitor,Electronics,10,676.27,6762.7
1305,02-06-2024,East,Headphones,Electronics,10,1193.58,11935.8
1306,19-10-2024,East,Shoes,Apparel,6,1485.53,8913.18
1307,18-04-2025,North,TV,Electronics,9,612.25,5510.25
1308,03-10-2023,East,Tablet,Electronics,6,1352.6,8115.6
1309,21-07-2025,North,Laptop,Electronics,9,1232.92,11096.28
1310,15-05-2024,North,Keyboard,Electronics,1,360.51,360.51
1311,02-05-2025,West,Backpack,Apparel,6,1070.54,6423.24
1312,19-10-2024,West,Mouse,Electronics,9,324.71,2922.39
1313,21-12-2023,West,Tablet,Electronics,4,837.58,3350.32
1314,01-10-2024,East,Sunglasses,Accessories,3,439.82,1319.46
1315,16-12-2023,South,Sunglasses,Accessories,1,116.9,116.9
1316,11-12-2024,South,Laptop,Electronics,7,1462.71,10238.97
1317,19-12-2023,North,Tablet,Electronics,7,1291.63,9041.41
1318,30-04-2025,West,Charger,Accessories,3,687.05,2061.15
1319,28-08-2024,West,Mouse,Electronics,6,346.35,2078.1
1320,14-03-2025,North,Mouse,Electronics,8,1271.74,10173.92
1321,24-09-2024,East,Headphones,Electronics,9,868.77,7818.93
1322,04-03-2025,North,Laptop,Electronics,8,1060.27,8482.16
1323,08-07-2025,West,Smartphone,Electronics,2,221.71,443.42
1324,19-11-2024,East,Backpack,Apparel,9,126.57,1139.13
1325,08-04-2024,North,Charger,Accessories,8,949.69,7597.52
1326,01-07-2025,North,Shoes,Apparel,9,1199.17,10792.53
1327,17-07-2024,North,Monitor,Electronics,9,1170.01,10530.09
1328,06-01-2025,West,Printer,Electronics,8,865.21,6921.68
1329,27-07-2024,West,Keyboard,Electronics,5,440.92,2204.6
1330,28-02-2025,East,Laptop,Electronics,5,101.51,507.55
1331,09-03-2025,South,Printer,Electronics,1,987.92,987.92
1332,20-05-2024,North,Monitor,Electronics,8,132.94,1063.52
1333,11-05-2024,North,Camera,Electronics,5,207.48,1037.4
1334,20-04-2024,East,Monitor,Electronics,1,1114.73,1114.73
1335,28-03-2025,South,TV,Electronics,3,992.14,2976.42
1336,24-04-2024,South,Keyboard,Electronics,4,732.53,2930.12
1337,17-07-2024,North,Watch,Accessories,2,1451.34,2902.68
1338,20-12-2024,South,TV,Electronics,7,1157.85,8104.95
1339,14-05-2025,West,Headphones,Electronics,3,324.18,972.54
1340,25-09-2023,East,Backpack,Apparel,5,1135.67,5678.35
1341,19-01-2024,North,Smartphone,Electronics,8,604.13,4833.04
1342,27-01-2025,West,Monitor,Electronics,4,575.9,2303.6
1343,28-11-2024,West,Backpack,Apparel,5,226.27,1131.35
1344,13-08-2023,West,Sunglasses,Accessories,5,1391.56,6957.8
1345,25-06-2025,West,Printer,Electronics,6,1443.03,8658.18
1346,08-11-2023,North,Shoes,Apparel,9,959.76,8637.84
1347,17-04-2025,West,Sunglasses,Accessories,5,509.1,2545.5
1348,18-04-2024,North,Monitor,Electronics,10,592.82,5928.2
1349,19-06-2025,South,Watch,Accessories,10,1158.04,11580.4
1350,24-06-2025,East,Camera,Electronics,3,476.77,1430.31
1351,09-10-2023,North,Laptop,Electronics,1,622.76,622.76
1352,02-07-2025,North,Camera,Electronics,8,533.76,4270.08
1353,14-04-2024,East,Backpack,Apparel,4,60.72,242.88
1354,28-09-2023,North,TV,Electronics,10,988.34,9883.4
1355,05-04-2025,South,Sunglasses,Accessories,2,1065.03,2130.06
1356,11-04-2025,North,Smartphone,Electronics,3,570.18,1710.54
1357,22-11-2023,South,Watch,Accessories,3,387.47,1162.41
1358,16-05-2025,North,Printer,Electronics,8,1384.82,11078.56
1359,09-07-2025,West,Monitor,Electronics,6,393.43,2360.58
1360,10-05-2024,North,Watch,Accessories,1,580.37,580.37
1361,21-04-2024,North,Keyboard,Electronics,5,275.11,1375.55
1362,22-02-2024,West,Smartphone,Electronics,10,595.03,5950.3
1363,20-11-2023,West,Shoes,Apparel,3,815.54,2446.62
1364,20-04-2025,South,Mouse,Electronics,2,1369.79,2739.58
1365,14-11-2023,East,Backpack,Apparel,1,118.65,118.65
1366,30-10-2024,East,TV,Electronics,1,1345.8,1345.8
1367,08-09-2023,North,Tablet,Electronics,7,406.99,2848.93
1368,04-09-2024,East,Backpack,Apparel,10,15.52,155.2
1369,02-12-2024,West,Backpack,Apparel,7,611.83,4282.81
1370,04-02-2025,North,Backpack,Apparel,4,14.93,59.72
1371,03-12-2023,West,Backpack,Apparel,10,807.6,8076
1372,29-06-2025,East,Keyboard,Electronics,5,606.92,3034.6
1373,09-08-2024,North,Shoes,Apparel,9,1281.48,11533.32
1374,13-11-2024,North,Keyboard,Electronics,5,975.21,4876.05
1375,28-08-2024,North,Tablet,Electronics,4,455.32,1821.28
1376,07-05-2025,North,Mouse,Electronics,6,734.89,4409.34
1377,11-02-2024,West,Charger,Accessories,3,63.19,189.57
1378,13-12-2024,South,Laptop,Electronics,7,103.86,727.02
1379,24-12-2024,East,Camera,Electronics,9,1447.78,13030.02
1380,17-08-2023,West,Watch,Accessories,1,515.53,515.53
1381,19-09-2024,North,Keyboard,Electronics,2,325.4,650.8
1382,25-06-2025,West,Shoes,Apparel,9,231.94,2087.46
1383,13-10-2023,South,TV,Electronics,1,1105.83,1105.83
1384,25-11-2024,North,Printer,Electronics,10,78.24,782.4
1385,15-08-2023,South,Backpack,Apparel,3,952.67,2858.01
1386,08-11-2023,East,Charger,Accessories,8,920.73,7365.84
1387,17-11-2023,North,Sunglasses,Accessories,2,750.74,1501.48
1388,04-10-2023,South,Watch,Accessories,4,645.06,2580.24
1389,28-06-2024,West,Watch,Accessories,2,1464.02,2928.04
1390,25-06-2024,South,TV,Electronics,4,1148.7,4594.8
1391,09-07-2024,South,TV,Electronics,2,189.91,379.82
1392,20-01-2024,West,Tablet,Electronics,6,834.58,5007.48
1393,18-03-2025,South,Printer,Electronics,1,208.72,208.72
1394,09-01-2024,West,Watch,Accessories,1,1320.64,1320.64
1395,08-08-2023,North,Smartphone,Electronics,3,1389.94,4169.82
1396,30-09-2024,East,Backpack,Apparel,8,1041.61,8332.88
1397,17-05-2025,South,Headphones,Electronics,5,789.4,3947
1398,26-01-2024,South,Mouse,Electronics,10,1040.59,10405.9
1399,24-12-2024,South,TV,Electronics,10,1425.94,14259.4
1400,22-07-2024,East,Shoes,Apparel,7,16.81,117.67
1401,29-11-2023,South,Headphones,Electronics,9,1465.42,13188.78
1402,03-02-2025,East,TV,Electronics,9,336.72,3030.48
1403,10-05-2024,South,Watch,Accessories,1,298.64,298.64
1404,02-07-2025,South,Watch,Accessories,8,751.3,6010.4
1405,25-09-2023,North,Tablet,Electronics,6,434.75,2608.5
1406,08-07-2024,East,Mouse,Electronics,10,1209.68,12096.8
1407,14-09-2023,West,Watch,Accessories,2,1113.22,2226.44
1408,09-01-2024,South,Charger,Accessories,1,732.74,732.74
1409,28-03-2024,North,Smartphone,Electronics,8,893.13,7145.04
1410,20-02-2024,West,Keyboard,Electronics,6,352.79,2116.74
1411,21-03-2024,East,Smartphone,Electronics,2,363.31,726.62
1412,19-08-2024,South,Mouse,Electronics,4,119.56,478.24
1413,25-09-2023,West,TV,Electronics,7,225.96,1581.72
1414,30-01-2024,West,Charger,Accessories,7,566.49,3965.43
1415,09-05-2025,South,Printer,Electronics,6,1463.58,8781.48
1416,09-12-2023,East,Headphones,Electronics,1,1041.39,1041.39
1417,18-12-2023,East,Laptop,Electronics,2,1278.96,2557.92
1418,23-01-2024,West,Printer,Electronics,6,337.58,2025.48
1419,15-05-2025,South,Monitor,Electronics,10,1359.31,13593.1
1420,28-10-2023,South,TV,Electronics,7,1286.89,9008.23
1421,28-03-2025,South,Printer,Electronics,8,1257.11,10056.88
1422,12-10-2024,North,Monitor,Electronics,4,379.27,1517.08
1423,28-03-2025,South,Mouse,Electronics,3,1371.49,4114.47
1424,01-10-2024,North,Charger,Accessories,1,69.69,69.69
1425,09-10-2024,North,Printer,Electronics,9,597.54,5377.86
1426,06-11-2024,North,Watch,Accessories,8,368.36,2946.88
1427,10-07-2025,North,Camera,Electronics,7,1425.4,9977.8
1428,29-05-2024,East,Tablet,Electronics,4,974.98,3899.92
1429,04-12-2024,North,Smartphone,Electronics,5,251.09,1255.45
1430,08-11-2024,North,Printer,Electronics,8,1160.03,9280.24
1431,06-02-2024,West,Sunglasses,Accessories,6,943.95,5663.7
1432,04-05-2025,North,Backpack,Apparel,2,583.47,1166.94
1433,25-01-2025,East,Backpack,Apparel,1,451.92,451.92
1434,15-07-2025,East,Watch,Accessories,10,818.23,8182.3
1435,02-07-2025,South,Watch,Accessories,2,934.48,1868.96
1436,09-01-2025,North,Keyboard,Electronics,6,1333.09,7998.54
1437,09-08-2024,West,Smartphone,Electronics,8,932.51,7460.08
1438,27-01-2024,East,Keyboard,Electronics,9,1060.26,9542.34
1439,20-12-2023,South,Camera,Electronics,6,365.56,2193.36
1440,17-03-2025,West,Smartphone,Electronics,4,1132.23,4528.92
1441,24-06-2024,South,Watch,Accessories,6,1347.92,8087.52
1442,10-05-2024,West,Camera,Electronics,1,104.42,104.42
1443,10-12-2024,West,Keyboard,Electronics,9,794.76,7152.84
1444,27-07-2025,West,Smartphone,Electronics,9,1020.68,9186.12
1445,05-11-2024,East,Camera,Electronics,10,558.54,5585.4
1446,09-02-2024,North,Shoes,Apparel,8,140.09,1120.72
1447,22-05-2024,South,Mouse,Electronics,2,172.95,345.9
1448,14-07-2025,North,Monitor,Electronics,3,749.53,2248.59
1449,15-01-2025,South,Sunglasses,Accessories,1,446.82,446.82
1450,28-11-2024,South,Shoes,Apparel,6,635.99,3815.94
1451,25-05-2024,North,Backpack,Apparel,4,103.79,415.16
1452,14-01-2025,South,Sunglasses,Accessories,6,623.42,3740.52
1453,10-12-2024,East,Keyboard,Electronics,10,1002.12,10021.2
1454,11-11-2024,West,Camera,Electronics,5,855.2,4276
1455,23-01-2024,East,Charger,Accessories,5,347.91,1739.55
1456,18-09-2023,East,Keyboard,Electronics,3,536.15,1608.45
1457,25-04-2025,South,Printer,Electronics,3,1070.6,3211.8
1458,27-01-2024,South,Monitor,Electronics,3,250.27,750.81
1459,20-06-2024,North,Smartphone,Electronics,10,198.45,1984.5
1460,05-02-2024,East,Monitor,Electronics,4,848.11,3392.44
1461,18-07-2024,East,Laptop,Electronics,3,565.64,1696.92
1462,28-01-2025,South,Camera,Electronics,5,191.02,955.1
1463,24-12-2024,West,Laptop,Electronics,3,1422.21,4266.63
1464,07-01-2024,East,Charger,Accessories,1,1455.52,1455.52
1465,24-05-2025,East,Camera,Electronics,5,716.13,3580.65
1466,01-03-2025,South,Monitor,Electronics,8,514.64,4117.12
1467,11-09-2023,West,Smartphone,Electronics,3,1020.23,3060.69
1468,26-08-2023,East,Smartphone,Electronics,7,930.11,6510.77
1469,31-07-2024,West,Headphones,Electronics,2,496.29,992.58
1470,20-03-2025,South,TV,Electronics,9,340.99,3068.91
1471,17-02-2024,East,Charger,Accessories,1,134.55,134.55
1472,24-06-2025,West,Sunglasses,Accessories,2,1464,2928
1473,15-12-2024,South,Mouse,Electronics,6,908.73,5452.38
1474,13-06-2025,North,Camera,Electronics,6,602.36,3614.16
1475,13-08-2024,West,Backpack,Apparel,7,565.52,3958.64
1476,25-07-2024,East,Monitor,Electronics,5,1466.51,7332.55
1477,08-03-2024,North,Sunglasses,Accessories,8,1114.88,8919.04
1478,22-05-2024,West,Mouse,Electronics,3,1210.45,3631.35
1479,28-09-2024,West,Charger,Accessories,3,1254.91,3764.73
1480,26-12-2023,North,TV,Electronics,4,461.81,1847.24
1481,07-10-2023,East,Sunglasses,Accessories,10,1136.61,11366.1
1482,23-09-2024,North,Smartphone,Electronics,5,627.63,3138.15
1483,28-07-2025,West,Camera,Electronics,10,1135.31,11353.1
1484,07-02-2024,South,Tablet,Electronics,7,441.3,3089.1
1485,05-06-2024,North,Printer,Electronics,10,462.83,4628.3
1486,17-03-2024,West,Camera,Electronics,1,1188.92,1188.92
1487,03-06-2024,East,Tablet,Electronics,8,195.02,1560.16
1488,01-10-2024,East,Shoes,Apparel,3,742.91,2228.73
1489,30-08-2023,South,Backpack,Apparel,2,1149.43,2298.86
1490,05-04-2025,North,Printer,Electronics,6,875.79,5254.74
1491,21-04-2024,West,TV,Electronics,8,1461.65,11693.2
1492,17-08-2024,North,Sunglasses,Accessories,9,1102.11,9918.99
1493,14-01-2024,East,Laptop,Electronics,10,97.18,971.8
1494,10-07-2025,West,Keyboard,Electronics,3,542.5,1627.5
1495,04-08-2024,East,Laptop,Electronics,7,958.01,6706.07
1496,23-05-2024,North,Keyboard,Electronics,5,799.12,3995.6
1497,08-01-2025,North,Charger,Accessories,4,1152,4608
1498,05-04-2025,North,Tablet,Electronics,3,820.13,2460.39
1499,02-07-2025,East,Sunglasses,Accessories,5,414.47,2072.35
1500,07-11-2023,East,Backpack,Apparel,9,874.27,7868.43
